-- phpMyAdmin SQL Dump
-- version 4.1.14
-- http://www.phpmyadmin.net
--
-- Host: 127.0.0.1
-- Generation Time: Jan 24, 2015 at 04:37 PM
-- Server version: 5.6.17
-- PHP Version: 5.5.12

SET SQL_MODE = "NO_AUTO_VALUE_ON_ZERO";
SET time_zone = "+00:00";


/*!40101 SET @OLD_CHARACTER_SET_CLIENT=@@CHARACTER_SET_CLIENT */;
/*!40101 SET @OLD_CHARACTER_SET_RESULTS=@@CHARACTER_SET_RESULTS */;
/*!40101 SET @OLD_COLLATION_CONNECTION=@@COLLATION_CONNECTION */;
/*!40101 SET NAMES utf8 */;

--
-- Database: `diccopartiel`
--

-- --------------------------------------------------------

--
-- Table structure for table `block`
--

CREATE TABLE IF NOT EXISTS `block` (
  `idBlock` int(11) NOT NULL,
  `idCita` int(11) NOT NULL,
  `genre` varchar(10) NOT NULL,
  `lang` varchar(255) DEFAULT '''''',
  `fran` varchar(255) DEFAULT '''''',
  PRIMARY KEY (`idBlock`),
  KEY `idCita` (`idCita`)
) ENGINE=MyISAM DEFAULT CHARSET=utf8;

--
-- Dumping data for table `block`
--

INSERT INTO `block` (`idBlock`, `idCita`, `genre`, `lang`, `fran`) VALUES
(1, 1, 'ex', 'kā'' :', 'l''assiette'),
(2, 1, 'ex', 'kà'' :', 'la médecine, la magie'),
(3, 1, 'ex', 'ǎ pʉ́ɑ́'' :', 'il a cassé'),
(4, 1, 'ex', 'ǎ pʉ́ɑ́ :', 'il est devenu fou.'),
(5, 3, 'ex', 'lēn mbú ì mɑ́ á sɑ̀'' :', 'dis-lui de venir.'),
(6, 4, 'ex', 'pōō á Kàmèrûn :', 'les enfants du Cameroun.'),
(7, 5, 'ex', 'mɑvǒ hɑ̄ wúzɑ́ mbú à :', 'ma mère m''a donné la nourriture.'),
(8, 6, 'ex', 'sēn à :', 'mon ami.'),
(9, 7, 'ex', 'ngɑ̌ lén mbú ì, à zhwīê :', 'je lui ai dit, il a ri'),
(10, 8, 'ex', 'ǎ nkwé'' mbɑ̀ɑ̀ :', 'elle aime la viande'),
(11, 8, 'ex', 'ǎ ìngén kò :', 'il, elle ira au champ.'),
(12, 9, 'ex', 'mɑ̄vǒ zàb ā :', 'ma mère m''a tapé'),
(13, 9, 'ex', 'mɑ̄vǒ mʉ̀ncāk ā :', 'ma mère me cherche.'),
(14, 10, 'ex', 'tū ā :', 'ma tête'),
(15, 10, 'ex', 'khù ā :', 'mon pied'),
(16, 10, 'pl', 'nkhù mǎ : mes pieds', ''),
(17, 10, 'ex', 'póózū zǎ :', 'mes affaires'),
(18, 10, 'ex', 'pōō mbǎ :', 'mes enfants.'),
(19, 11, 'ex', 'fʉ̀ ā Nèè :', 'le chef (de) Bana'),
(20, 11, 'ex', 'mɑ̄ ā Wèlɑ̀''zhī :', 'la mère de Weladji.'),
(21, 12, 'ex', 'ngòò ā Sō'' :', 'fille originaire de Sō'''),
(22, 12, 'ex', 'nzhwīē ā Fā'' :', 'femme originaire de Bafang ou alors femme dont l''époux est de Bafang.'),
(23, 13, 'ex', 'ɑ́ kɑ́ :', 'quoi?'),
(24, 13, 'Ex', 'ɑ́ wɑ̄ :', 'qui?'),
(25, 13, 'Ex', 'ɑ́ yì mɑ̀ mbǎk lō lɑ́ :', 's''il vient à pleuvoir.'),
(26, 14, 'ex', 'ɑ́ nhɑ̄ :', 'où?'),
(27, 14, 'Ex', 'ɑ́ Púántòò :', 'à Bapouatou'),
(28, 14, 'ex', 'ɑ́ France :', 'en France.'),
(29, 15, 'ex', 'ǒ ngə́ə́ mbú á fà''á lɑ́, ɑ́ ndēn mɑ́ kɑ́ :', 'tu me dis comme ça pour que je dise quoi?'),
(30, 15, 'Ex', 'Pó nsíésí pʉ̄nkhʉ̄ɑ̄, ɑ́ pō zhī wū :', 'on enseigne les enfants afin qu''ils soient instruits'),
(31, 15, 'ex', 'ǎ ghěn ntēē ɑ́ ywēn wū ī :', 'il est allé au marché pour faire ses emplettes; df( le )df nf( ɑ́ )nf df( est parfois considéré comme un explétif et est donc facultatif; ainsi, on peut dire par exemple )df nf( ǎ ghěn ntēē ywēn wū ī )nf df( au lieu de )df nf( ǎ ghěn ntēē ɑ́ ywēn wū ī. )n'),
(32, 16, 'ex', 'ɑ́ pɑ̀h shʉ́ɑ́ :', 'partons!'),
(33, 16, 'Ex', 'ɑ̌ mbɑ̄''! trad( Ah bon, monsieur? )trad', ''),
(34, 17, 'ex', 'ǎ sɑ̀'' ɑ́? trad( Est-il venu? )trad df( On écrit aussi )df nf( ǎ sɑ̌''?)nf', ''),
(35, 19, 'ex', 'mīā āfrīkà :', 'africain.'),
(36, 24, 'ex', 'nshʉ̀ʉ̀ bà :', 'mon bâton'),
(37, 24, 'ex', 'nkɑ̄ɑ̄ bà :', 'mon argent.'),
(38, 25, 'ex', 'hɑ̄ nshʉ̀ʉ̀ bǎ lè :', 'donne-moi ce bâton-là'),
(39, 25, 'ex', 'Mǒǒntʉ̀ɑ̀'' bǎ :', 'voilà Monthe'),
(40, 25, 'ex', 'pè''è bǎ tāk :', 'cette maison est inclinée'),
(41, 25, 'ex', 'hɑ̄ yì bǎ mbú à :', 'donne-moi celui-là.'),
(42, 26, 'ex', 'ǎ lóó bā wúzɑ̄ ā, ǹ nāb :', 'il m''a demandé ma nourriture, j''ai refusé'),
(43, 27, 'ex', 'à bɑ́ sīē, mɑ̀ ǹ sí'' nsɑ́'' bɑ̄ :', 's''il est là, je ne viendrais pas'),
(44, 27, 'ex', '(yáá) bɑ́ mɑ̀ nzhìě kō ō lɑ́ ò sōk ā :', 'si tu as faim, dis-le moi.'),
(45, 28, 'Ex', 'Ǒ ghā'' bɑ̂? trad( Tu as nié n''est-ce pas? )trad', ''),
(46, 28, 'Ex', 'sì fà''á bɑ̂ :', 'n''est-ce-pas?'),
(47, 29, 'ex', 'ò nǔ ghɑ̀''ndù'' yə̄ə̄ bɑ̂, mɑ̀ ǒ ndʉ̄'' :', 'si tu bois trop d''alcool, tu vomiras.'),
(48, 30, 'ex', 'yáá ncāk mɑ́ ó bɑ̄ sīē :', 'il faut que tu sois là'),
(49, 30, 'ex', 'bɑ̄ wāhà ngén kò ngwáá làt :', 'va au champ demain récolter (couper) la banane.'),
(50, 31, 'ex', 'yʉ̄ɑ̄ bɑ̄ nzhʉ̀ɑ̀ :', 'c''est lui qui a volé.'),
(51, 32, 'ex', 'ǹ kɑ̀'' láh bɑ̄ :', 'je n''ai pas pris.'),
(52, 34, 'ex', 'yì bàá :', 'celui-là'),
(53, 34, 'ex', 'zì bàá :', 'ceux-là'),
(54, 37, 'ex', 'bǎàh! df( On dit aussi )df nf( pǎàh!)nf', ''),
(55, 38, 'ex', 'bǎh! df( On dit aussi )df nf( pǎh!)nf', ''),
(56, 39, 'ex', 'báhà! Kɑ́ tɑ́ ǒ mʉ̀ngʉ́ fá''ā? trad( Hé! Que fais-tu comme ça?)trad', ''),
(57, 41, 'ex', 'pàt ngʉ́ :', 'fait encore'),
(58, 41, 'ex', 'pàt ngə́ə́ :', 'parle encore'),
(59, 42, 'ex', 'wúzɑ̄ ō bê :', 'voici ta nourriture'),
(60, 42, 'ex', 'nshì bê kɑ̀'' pé'' mbʉ́ɑ́ nū :', 'cette eau n''est pas potable.'),
(61, 43, 'ex', 'wúzɑ̄ béé mɑ́ yǐ wɑ̄ :', 'à qui appartient ce repas'),
(62, 43, 'ex', 'nshì béé kɑ̀'' pé'' mbʉ́ɑ́ nū :', 'cette eau n''est pas potable'),
(63, 44, 'ex', 'yì béè :', 'ceci, celui-ci'),
(64, 44, 'ex', 'zì béè :', 'ceux-ci'),
(65, 45, 'ex', 'nkɑ̄ɑ̄ bì :', 'son argent'),
(66, 46, 'ex', 'nzʉ̄ bî lǐ pìè :', 'ces noix de palme sont pourries.'),
(67, 47, 'ex', 'ŋwɑ́'' sɔ̀ bī :', 'l''abeille l''a piqué'),
(68, 47, 'ex', 'pó ghòò bī :', 'on l''a arrêté'),
(69, 47, 'ex', 'nsìèsǐ zàb bī :', 'le maitre l''a battu'),
(70, 47, 'ex', 'ghèn mbə̄ə̄ bī, ǎ kòngé'' :', 'va le calmer, va le conforter, il pleure.'),
(71, 49, 'ex', 'yì bíì :', 'celui-là'),
(72, 49, 'ex', 'zì bíì :', 'ceux-là'),
(73, 50, 'ex', 'mbɑ̀ɑ̀ bò :', 'ta viande.'),
(74, 51, 'ex', 'ngāp bô :', 'la poule dont nous parlions'),
(75, 51, 'ex', 'yì bô :', 'ce, celui dont nous parlions;'),
(76, 51, 'ex', 'ngāp wû :', 'la poule dont nous parlions'),
(77, 51, 'ex', 'yì wû :', 'ce, celui dont nous parlions.'),
(78, 52, 'ex', 'pó ghòò bō zé''è :', 'on t''a attrapé aujourd''hui.'),
(79, 55, 'ex', 'Cīēncə̄ə̄ :', 'Tchientcheu; df( c’est un nom propre.)df'),
(80, 56, 'ex', 'ǎ cá'' khù ā :', 'il a piétiné mon pied.'),
(81, 59, 'ex', 'pɑ̌Cà'' :', 'les originaires de Dschang.'),
(82, 60, 'ex', 'cǎ'' ncāt :', 'vieille chaussure'),
(83, 60, 'ex', 'cǎ'' ndʉ̄'' :', 'vieille voiture'),
(84, 60, 'ex', 'cǎ''ndhī :', 'vieux vêtement, haillon, pagne en loques, chiffon, guenille'),
(85, 61, 'ex', 'cǎ'' kwèlè'' :', 'un maigre régime de plantains.'),
(86, 63, 'ex', 'pɑ̀h ghén ncɑ́''(sī) Tǒǒkò ghòò :', 'allons rendre visite à Tǒǒkò, malade'),
(87, 63, 'ex', 'mbɑ̄'' ō ndāmɑ̌ ghěn cɑ̌'' zhʉ̀ɑ̀'' :', 'mon grand-père est allé visiter les pièges.'),
(88, 64, 'ex', 'ngɑ̌ cɑ̀'' shʉ́ɑ́ndāk kīkēē ń dɑ̀ ghóó sə̌wū :', 'j''ai fouillé les avocats en vain, mais je n''ai rien trouvé.'),
(89, 67, 'ex', 'sīēcɑ̌'' :', 'la terre, le monde, le globe terrestre.'),
(90, 68, 'ex', 'sáá lɑ́ cɑ̀ɑ̀ zǐ mbɑ̄'' ā! trad( Ce garçon a insulté son père!)trad', ''),
(91, 69, 'ex', 'ǎ cɑ̄ɑ̄ ndǔ''nkhʉ̄ɑ̄ tɑ̄ nnū :', 'il a filtré le vin de raphia avant de boire.'),
(92, 71, 'ex', 'pó cɑ̄ɑ̄ mōō lɑ́ mbə̀pə̄'' :', 'cet enfant a été élevé grassement.'),
(93, 72, 'ex', 'mēn ǎ cɑ̄ɑ̄ tàm :', 'mon fils a aménagé une forêt.'),
(94, 75, 'ex', 'cáb ndàk :', 'côté sud, en bas'),
(95, 75, 'ex', 'cáb thʉ̄, cáb kè'' :', 'partie d''en haut. 2 la fréquence, le nombre de fois'),
(96, 75, 'ex', 'ncáb ncāb :', 'plusieurs fois, à plusieurs reprises.'),
(97, 76, 'ex', 'mmɑ́'' càb :', 'jurer au lieu sacré.'),
(98, 77, 'ex', 'sɑ̌'' pɑ́h ò ghén ntēn càb :', 'allons-nous tenir en aparté; df( on dit aussi )df nf( ngén càb; )nf'),
(99, 77, 'ex', 'pō sǐ'' nsōk càb bɑ̄ :', 'on ne dévoile pas un secret.'),
(100, 78, 'ex', 'ndʉ́'' càb ī :', 'la voiture l''a cogné'),
(101, 79, 'ex', 'wúntēē zǐ càb :', 'sa marchandise n''a pas trouvé d''acheteur'),
(102, 79, 'ex', 'ngòfát ntēē ncáb :', 'le maïs est bon prix au marché'),
(103, 79, 'ex', 'ngòò lɑ́ cǎb ndʉ̄ɑ̄ :', 'cette fille n''a pas trouvé de mari, et donc continue à vivre au domicile parental.'),
(104, 80, 'ex', 'cǎb ngòfāt :', 'égrène le maïs.'),
(105, 81, 'ex', 'cāb tî :', 'cinq fois'),
(106, 81, 'ex', 'pʉ́ɑ́ ncāb kwɑ̀ mɑ̀ nhɑ̄ hə̀ə̄ :', '24= 8deux fois quatre font huit.'),
(107, 82, 'ex', 'càbɑ̌ ngòfāt :', 'égrène le maïs'),
(108, 85, 'ex', 'ǎ nsī mɑ̀ càh tàp :', 'il vit en pleine forêt, en plein milieu de la forêt'),
(109, 85, 'ex', 'yáá càh nshì :', 'c''est au milieu de l''eau.'),
(110, 86, 'ex', 'tēn càh :', 'tiens-toi droit'),
(111, 86, 'ex', 'móó tēn càhcàh :', 'l''enfant s''est tenu debout, droitement'),
(112, 86, 'ex', 'nǎk càhcàh :', 'marche droitement.'),
(113, 87, 'ex', 'ngɑ̌ yá'' càh :', 'j''ai déjà envoyé'),
(114, 87, 'ex', 'pó cǎh kòm à :', 'on a envoyé mon habit.'),
(115, 88, 'ex', 'ngɑ̌ fhʉ́ cǎh ngèn :', 'j''ai été accompagné le visiteur.'),
(116, 89, 'ex', 'mbā'' lɑ́ ncáh tɑ̀'' :', 'cet homme est très gauche, il danse très mal.'),
(117, 90, 'ex', 'càh zǎ kōh :', 'mon estomac est petit.'),
(118, 91, 'ex', 'pó cāh nzhì :', 'on a barré la route'),
(119, 91, 'ex', 'zʉ̀'' lɑ̀cáh tɑ̀'' :', 'la place était tellement bondée'),
(120, 91, 'ex', 'cāh ngāp lɑ́ pù'' :', 'enferme ces poules au poulailler.'),
(121, 92, 'ex', 'nkhʉ̀ɑ̀ mfɑ̌'' ndēn sì'' mɑ́ ǎ cāh :', 'le paresseux dit toujours qu''il est occupé.'),
(122, 98, 'ex', 'ngɑ̌ ngén mɑ̀ càhlɑ̄'' :', 'je vais en ville'),
(123, 104, 'ex', 'ǒ cák ncà'', pō zāb ō :', 'tu as cherché des problèmes, on t''a tapé'),
(124, 104, 'ex', 'ǎ cák sì'' cāk tɑ̀ nhóó :', 'à force de chercher, il a fini par trouver.'),
(125, 105, 'ex', 'ghèn nsóh càk :', 'va laver la marmite.'),
(126, 106, 'ex', 'cǎk mvī :', 'fais paître (attache) les chèvres.'),
(127, 107, 'ex', 'cǎk tèn :', 'qui a les fesses relevées'),
(128, 107, 'ex', 'kʉ̀cák pō, cǎk pō :', 'qui a un bras coupé (dont pend le moignon).'),
(129, 112, 'ex', 'ngɑ̌ ngʉ́ cákngǎ'' nɑ́ ghə̌lɑ̄'' :', 'je suis chercheur en linguistique.'),
(130, 120, 'ex', 'cám ndàk :', 'côté sud, en bas'),
(131, 120, 'ex', 'cám thʉ̄, cám kè'' :', 'partie d''en haut. 2 la fréquence, le nombre de fois'),
(132, 120, 'ex', 'ncám ncām :', 'plusieurs fois, à plusieurs reprises.'),
(133, 121, 'ex', 'mmɑ́'' càm :', 'jurer au lieu sacré.'),
(134, 122, 'ex', 'sɑ̌'' pɑ́h ò ghén ntēn càm :', 'allons-nous tenir en aparté; df( on dit aussi )df nf( ngén càm; )nf'),
(135, 122, 'ex', 'pō sǐ'' nsōk càm bɑ̄ :', 'on ne dévoile pas un secret.'),
(136, 123, 'ex', 'ndʉ́'' càm ī :', 'la voiture l''a cogné'),
(137, 124, 'ex', 'wúntēē zǐ càm :', 'sa marchandise n''a pas trouvé d''acheteur'),
(138, 124, 'ex', 'ngòfát ntēē ncám :', 'le maïs est bon prix au marché.'),
(139, 125, 'ex', 'cǎm ngòfāt :', 'égrène le maïs.'),
(140, 126, 'ex', 'cām tî :', 'cinq fois'),
(141, 126, 'ex', 'pʉ́ɑ́ ncām kwɑ̀ mɑ̀ nhɑ̄ hə̀ə̄ :', '24= 8deux fois quatre font huit.'),
(142, 134, 'ex', 'ǎ fěn cǎmngə̀'' :', 'il a trahi le secret d''état.'),
(143, 135, 'ex', 'ǎ fěn cǎmngwè'' :', 'il a trahi le secret d''état.'),
(144, 139, 'ex', 'càmsì nzhìè fɑ̌hnzɑ̄ tɑ̄ ngén ndʉ̄ɑ̄kà'' :', 'va à l''hôpital le matin à jeun'),
(145, 144, 'ex', 'cāp khǔ ndʉ̄'' lɑ́ :', 'freine le véhicule.'),
(146, 145, 'ex', 'cāp pú''ncə̀ə̀ zǒ mbə̀pə̄'' :', 'entretiens bien ton cahier.'),
(147, 156, 'ex', 'ngɑ̌ cɑ̀''sì ō lɑ́ :', 'je te salue, salut!'),
(148, 157, 'ex', 'ndʉ̄ɑ̄ sì cɑ̀''sì lɑ̀ píé :', '(c''est un proverbe) sans visite, la famille disparaît'),
(149, 157, 'ex', 'cɑ̀''sǐ wūɑ̄ :', 'assistance physique au lieu d''un deuil dans le but de compatir avec le concerné.'),
(150, 158, 'ex', 'cǎt pʉ̀ɑ̀ lɑ́ df( pourrait signifier )df trad( accroche ou décroche ce sac; )trad df( la nuance pourrait se faire en précisant le sens du mouvement; )df', ''),
(151, 158, 'ex', 'càt pʉ̀ɑ̀ lɑ́ thʉ̄ :', 'accroche ce sac'),
(152, 158, 'ex', 'càt pʉ̀ɑ̀ ō nɑ́ zʉ̀'' yì pō ō ìnkwēn nā lɑ́ :', '(c''est un proverbe) accroche ton sac à la hauteur de ta main.'),
(153, 159, 'ex', 'ǎ cát kā'' :', 'il a cassé l''assiette.'),
(154, 160, 'ex', 'nǒktěnshù í cāt :', 'sa barbe a poussé'),
(155, 160, 'ex', 'mvēlɑ̌ cāt nshùndʉ̄ɑ̄ :', 'les herbes ont couvert la devanture de la maison.'),
(156, 162, 'ex', 'cātsī ngʉ̄nə̀ə̀ lɑ́ á pɑ́'' ntōh :', 'barre la voie à ce porc pour l''empêcher de passer'),
(157, 162, 'ex', 'thʉ́ wùɑ̀ ncātsī mēnzhì :', 'l''arbre est tombé et obstrue la route;'),
(158, 165, 'ex', 'pó hɑ̄ cɔ̌ mbú ì :', 'on lui a donné du poison.'),
(159, 172, 'ex', 'cə̀'' mɑ́ kɑ́? trad( Quelles sont les nouvelles? Comment vas-tu? )trad', ''),
(160, 173, 'ex', 'pó kònsōk cə̀'' :', 'ils conversent.'),
(161, 174, 'ex', 'ǹ kɑ̀'' zhī zǎ cə̀'' pɑ̀mfhʉ́sīē zǎ :', 'je ne connais pas l''histoire de mes ancêtre'),
(162, 174, 'ex', 'mʉ̀nzhwīē lɑ́ mɑ́ tɑ̀'' nsôkcə̀'' :', 'cette femme est une poète, cette femme est une conteuse.'),
(163, 175, 'ex', 'wɑ̄ bɑ̄ ncə̌'' wúzɑ̄ ā? trad( Qui a prélevé une petite quantité sur ma nourriture? )trad', ''),
(164, 179, 'ex', 'cə́'' mfhʉ̄ mɑ̀ nɑ́ lə̄'' :', 'le vol provient de la paresse.'),
(165, 181, 'ex', 'cə̄bsǐlíé''zī :', 'anniversaire.'),
(166, 182, 'ex', 'ò zhìě nə̀ə̀wàànkhʉ̀ wāhà ò cə̄bsī ā mbɑ̀ :', 'si demain tu deviens riche et célèbre, souviens-toi de moi'),
(167, 186, 'ex', 'pɑ̌h cə̄ə̄ yōh yāā lɑ̀ cōp sə̌wū :', 'la situation est restée inchangée malgré nos déplorations'),
(168, 186, 'ex', 'cə̄ə̄ ngwāh :', 'ne t''attarde pas aux lamentations; df( c’est un dicton utilisé lors des événements fâcheux; )df'),
(169, 186, 'ex', 'cə̄ə̄ nzèn mā :', 'aie pitié de moi, déplore mon sort.'),
(170, 187, 'ex', 'mvâ''nkà'' lɑ́ kɑ̀'' cə̄ə̄ zǐ ngʉ̌nù sìpè'' mī :', 'ce délinquant ne regrette pas ses agissements.'),
(171, 192, 'ex', 'ngɑ̌ céh í ǎ lɑ̀ pēn :', 'je l''ai appelé il n''a pas répondu.'),
(172, 193, 'ex', 'pó ncēh béé wū lè mɑ́ kɑ́? trad( Comment appelle-t-on cette chose? )trad', ''),
(173, 194, 'ex', 'nzɑ̂ndʉ̄ɑ̄ cēh kòm :', 'l''héritier a convoqué la réunion'),
(174, 194, 'ex', 'ŋwɑ̀''nǐ cēh :', 'lettre d''invitation.'),
(175, 195, 'ex', 'cēh lɑ́ mʉ̀mfhʉ̄ mɑ̀ nhɑ̄? trad( D''où vient cet appel. )trad', ''),
(176, 196, 'ex', 'cēh mʉ̀nzhwīē mɑ́ kɑ́? trad( Comment épeler mʉ̀nzhwīē :)trad', 'm -ʉ̀ - n - zh - w - ī - ē.'),
(177, 199, 'ex', 'tɑ̀'' cēn mbā'' :', 'un homme stérile'),
(178, 199, 'ex', 'cēn mʉ̀nzhwīē :', 'femme stérile.'),
(179, 200, 'ex', 'mbā'' lɑ́ cēn nzhwīē ì mmɑ́'' nzɑ̄ :', 'cet homme a poussé sa femme dehors.'),
(180, 202, 'ex', 'mɑ̄vǒ kòncēn njɑ̀ɑ̀ :', 'ma mère enlève les feuilles de légumes de la tige;'),
(181, 205, 'ex', 'mbā'' lɑ́ cēnsī nzhwīē ì mmɑ́'' nzɑ̄ :', 'cet homme a poussé sa femme dehors.'),
(182, 207, 'ex', 'sóh mɑ̀ncēnsī ā :', 'le piment m''étouffe; df( cela vient du verbe )df nf( ncēn : gémir; )nf df( car lorsqu’on est étouffé, on gémi.)df'),
(183, 209, 'ex', 'fə̌ cɛ̌h ŋwɑ̀''nì :', 'le chef a envoyé une note.'),
(184, 210, 'ex', 'cīcō''ò, sɑ̀'' ncέh lá nzɑ̄ lɑ́, ngɑ̌ mʉ̀mbōh :', 's''il te plait, accompagne moi dehors, j''ai peur.'),
(185, 213, 'ex', 'mbǎ'' mbɑ̄ cìcàh ntə́ə́thʉ̄ :', 'le noyau se trouve au centre des fruits'),
(186, 216, 'ex', 'tɑ̀'' cēn mbā'' :', 'un homme stérile'),
(187, 216, 'ex', 'cēn mʉ̀nzhwīē :', 'femme stérile'),
(188, 219, 'ex', 'ngāp shìè :', 'la poule a éclos ses œufs.'),
(189, 222, 'ex', 'ngòò lɑ́ cīī mōō nzɑ̄ yǐ nā :', 'cette fille en nourrissant l''enfant a mangé une partie de la nourriture.'),
(190, 225, 'ex', 'nzɑ̄ cēn, nzɑ̄ cìncēn :', 'manger gras.'),
(191, 227, 'ex', 'yáá cò'' kwɑ̀ :', 'c''est jusqu''à quatre.'),
(192, 228, 'ex', 'cò'' ǹ gēnɑ̄ kɑ́lɑ̄ āā! trad( Peut-être devrais-je partir? Faut-il que je parte ou non? )trad', ''),
(193, 228, 'Ex', 'Cò'' ǎ kūɑ̄ kāhā? trad( serait-il peut-être mort? )trad', ''),
(194, 228, 'Ex', 'cò'' kāhā? trad( peut-être? )trad', ''),
(195, 231, 'ex', 'cò'' pè''è :', 'le sommet d''un toit'),
(196, 231, 'ex', 'cò'' tū :', 'le sommet de la tête.'),
(197, 233, 'ex', 'cô''ndù'' :', 'le décapsuleur, l''ouvre-bouteille, le tire-bouchon.'),
(198, 243, 'ex', 'mbōk lě cō tɑ̀'' :', 'ce trou est très profond'),
(199, 243, 'ex', 'ntū'' lě còhsì ncō :', 'ce gobelet est vraiment profond, ce gobelet a une grande capacité.'),
(200, 244, 'ex', 'cō'' pò'' :', 'arrache les champignons'),
(201, 244, 'ex', 'ǎ ghʉ̀ mbìè mā cō'' :', 'il m''a effrayé; litt., il a fait arracher mon poumon.'),
(202, 245, 'ex', 'cō'' nzhìndʉ̄ɑ̄ :', 'ouvre la porte.'),
(203, 246, 'ex', 'cō'' shʉ̀ɑ̀'' zō :', 'enlève ton chapeau.'),
(204, 247, 'ex', 'ǒ sì cō'' sēn ò, cō'' ngà''mfɑ̀'' :', 'ne vote pas ton frère, vote un travailleur laborieux.'),
(205, 248, 'ex', 'ncō'' mfɑ̌'' wèn :', 'rémunérer qqn.'),
(206, 256, 'ex', 'còhsì nnʉ́ɑ́ɑ́ pʉ̀ɑ̀ ā lɑ́ :', 'prépare minutieusement mon sac'),
(207, 256, 'ex', 'còh mfɑ́'' :', 'travail avec soin, travail bien.'),
(208, 257, 'ex', 'lʉ̀ɑ̀'' lɑ́ còh :', 'cet igname a manqué sa cuisson.'),
(209, 259, 'ex', 'pó sǐ'' ndáh cōh nsíésí wèn wū bɑ̄ :', 'on n''enseigne pas avec acrimonie.'),
(210, 260, 'ex', 'ndù'' lɑ́ cōh :', 'ce vin est aigre.'),
(211, 264, 'ex', 'shwīē nī lɑ́ tɑ̌ yāā cōh :', 'lime ce coupe-coupe jusqu''à ce que ce soit tranchant.'),
(212, 265, 'ex', 'gwāvà bê lě cōhshwīī :', 'cette goyave a un goût aigre, acide.'),
(213, 266, 'ex', 'còhsì nnʉ́ɑ́ɑ́ pʉ̀ɑ̀ ā lɑ́ :', 'prépare minutieusement mon sac'),
(214, 266, 'ex', 'còhsì mfɑ́'' :', 'travail avec soin, travail bien.'),
(215, 267, 'ex', 'ǎ còhsì ā pí mbɑ̀ɑ̀ bì :', 'il m''a fait subir le supplice de Tantale avec sa viande.'),
(216, 269, 'ex', 'ngà''mbhí á ncōhsī pʉ̀ tɑ̀'' :', 'mon grand-frère est très sévère.'),
(217, 270, 'ex', 'ngáp mʉ̀ncōhsī ngòfāt :', 'la poule picore le maïs.'),
(218, 271, 'ex', 'nkòò lǎ mɑ̀ncōhsī :', 'mon dos picote, je ressens des picotements dans mon dos.'),
(219, 279, 'ex', 'cōmsǐlíé''zī :', 'anniversaire.'),
(220, 280, 'ex', 'ò zhìě nə̀ə̀wàànkhʉ̀ wāhà ò cōmsī ā mbɑ̀ :', 'si demain tu deviens célèbre, souviens-toi de moi.'),
(221, 294, 'ex', 'nkwē''nkwé'' nzhì :', 'route inégales, pleine de cailloux, raboteuse.'),
(222, 295, 'ex', 'nkwē''nkwé'' nzhì :', 'route inégales, pleine de cailloux, raboteuse.'),
(223, 296, 'ex', 'nǔ yáá kwēnsī ā tɑ̀'' :', 'cela m''a beaucoup touché.'),
(224, 299, 'ex', 'ntʉ̄ɑ̄''nkwɛ̀ɛ̀ :', 'en venir aux mains, bagarrer.'),
(225, 304, 'ex', 'ngà''kǎ'' nā'' nzāt mǎ :', 'le médecin a examiné mes selles'),
(226, 305, 'ex', 'ngà''kǎ'' lə̄ə̄ sɑ̀'' :', 'le médecin a stérilisé la seringue.'),
(227, 306, 'ex', 'ngòò lɑ́ nā'' sī ī :', 'cette fille s''est maquillée le visage'),
(228, 308, 'ex', 'nnɑ̄'' wèn :', 'espionner qqn.'),
(229, 312, 'ex', 'mōō lɑ́ nnāb tɑ̀'' :', 'cet enfant est très chiche'),
(230, 317, 'ex', 'nnɑ̄h túfhǔ tú wèn :', 'déshonorer, faire honte à quelqu''un'),
(231, 317, 'ex', 'nnɑ̄h zú ndʉ̄ɑ̄ :', 'ameublir, meubler une maison'),
(232, 327, 'ex', 'nnák ndɑ̀''ndɑ̀'' :', 'ralentir, décélérer, marcher doucement'),
(233, 327, 'ex', 'nnák tǎk yāā, nnák tǎk :', 'boiter, clopiner, claudiquer, boitiller.'),
(234, 328, 'ex', 'ntēē zǎ kònnák mbə̀pə̄'' :', 'mon commerce prospère'),
(235, 330, 'ex', 'nnāk mvʉ̄ɑ̄ :', 'déchaîner, désenchaîner le chien'),
(236, 330, 'ex', 'nnāk pōk :', 'appauvrir, paupériser; df( litt., laisser la pauvreté. )df'),
(237, 343, 'ex', 'ǎ nàksǐ nkhù mā tɑ́ ǹ tō ī :', 'je l''ai boxé parce qu''il a piétiné mes pieds'),
(238, 347, 'ex', 'pō í nā''sī :', 'il a des cloques (ampoules) dans la mains'),
(239, 350, 'ex', 'nné'' kwéndʉ̄ɑ̄ :', 's''aliter, se coucher au lit'),
(240, 350, 'ex', 'ghèn nné'' sīē, ǒ ìmbɑ̄ mɑ̀ ǒ pūā :', 'va te coucher, tu dois être fatigué.'),
(241, 354, 'ex', 'móó kònnē'' pēn :', 'l''enfant est en train de téter.'),
(242, 355, 'ex', 'mɑ̄vǒ mʉ̀nnē'' mōō :', 'ma mère allaite l''enfant'),
(243, 356, 'ex', 'nnə́'' kwéndʉ̄ɑ̄ :', 's''aliter, se coucher au lit'),
(244, 356, 'ex', 'ghèn nnə́'' sīē, ǒ ìmbɑ̄ mɑ̀ ǒ pūā :', 'va te coucher, tu dois être fatigué.'),
(245, 359, 'ex', 'móó kònnə̄'' pēn :', 'l''enfant est en train de téter.'),
(246, 360, 'ex', 'mɑ̄vǒ mʉ̀nnə̄'' mōō :', 'ma mère allaite l''enfant'),
(247, 363, 'ex', 'ǎ nnēē nkə́'' njò'' :', 'habituellement, il aime la patate'),
(248, 366, 'ex', 'nù lɑ́ mɑ̀nnēsī :', 'l''affaire-là est imminente, c''est urgent'),
(249, 366, 'ex', 'nzǎt mɑ̀ nnēēsī ā :', 'je ressens un besoin pressant d''aller aux selles'),
(250, 368, 'ex', 'nə̌h ntə́ə́njɑ̀ɑ́ ndòm nʉ̀ɑ̀ :', 'sème (à la volée) les graines d''épinards sur les billons'),
(251, 370, 'ex', 'nnə́h wèn pō :', 'menacer qqn d''un coup de poing; soulever la main pour battre qqn, mais la retenir'),
(252, 370, 'ex', 'pō sǐ'' nnə́h wèn pīē bɑ̄ :', 'on ne menace pas quelqu''un avec le couteau.'),
(253, 371, 'ex', 'ǎ nə̌h mbɑ̄'' ā :', 'il a affronté son père.'),
(254, 372, 'ex', 'nnə̄h túfhǔ tú wèn :', 'déshonorer, souiller, faire honte à quelqu''un; df( litt., mettre la honte sur la tête de qqn; )df'),
(255, 372, 'ex', 'nnə̄h zú ndʉ̄ɑ̄ :', 'ameublir, meubler une maison'),
(256, 392, 'ex', 'ǹ kɑ̀'' zhī nàh nnɛ̄h nshì :', 'je ne sais pas nager.'),
(257, 397, 'ex', 'nī'' mmɑ́'' sīē :', 'secoue et jette au sol.'),
(258, 398, 'ex', 'ngɑ̌ kòngə́ə́ mbɑ̀kɑ́lɑ̄ ò mɑ̄nnī'' ā sì'' nnī'' :', 'quel que soit ce que je dis, tu ne fais que me frustrer'),
(259, 399, 'ex', 'nìǎ ń njēē :', 'montre voir.'),
(260, 400, 'ex', 'ngòò lɑ́ kə̌'' nàh nníá pōōmbā'' :', 'cette fille aime mépriser, les hommes.'),
(261, 401, 'ex', 'ǎ fěn mfʉ̀ɑ̀ nī mbú á náh nníá lā :', 'il m''a trompé en me vendant un mauvais coupe-coupe.'),
(262, 407, 'ex', 'nnìɑ̀ɑ̀ncāt :', 'litt., le réparateur de chaussure; le cordonnier, le savetier'),
(263, 407, 'ex', 'nnìɑ̀ɑ̀ncāt :', 'le fabricant de chaussure.'),
(264, 412, 'ex', 'nníɑ́ɑ́sí nǒktū :', 'coiffer.'),
(265, 419, 'ex', 'nníɑ́ɑ́sí nā wèn :', 'se préparer.'),
(266, 420, 'ex', 'nìāh pō ō :', 'tends ta main.'),
(267, 421, 'ex', 'nìǎh ń njēē :', 'montre voir, fais voir.'),
(268, 425, 'ex', 'nnīātsī ntīē :', 'éjecter la salive avec une grande pression.'),
(269, 426, 'ex', 'nnīātsī nā :', 'rassembler son courage, s''efforcer pour faire qqch'),
(270, 426, 'ex', 'nīātsī nā ō ngə́ə́ mbú ì :', 'efforce-toi, rassemble ton courage et dis-lui.'),
(271, 434, 'ex', 'ǎ nīīsī nshʉ́ɑ́ :', 'il est parti furtivement.'),
(272, 435, 'ex', 'ngɑ̌ mbèè lè nnīīsī yà wū bô :', 'j''attends (ici à la maison) ce que tu m''avais promis.'),
(273, 441, 'ex', 'nnó''mbēn :', 'traire le lait'),
(274, 441, 'ex', 'nnó'' tʉ̄tē'', nnó'' tʉ̄tə̄'' :', 'étrangler, stranguler'),
(275, 441, 'ex', 'nnó'' mbèè :', 'presser l''abcès'),
(276, 441, 'ex', 'nnó'' nə́h mbí wèn :', 'cligner les yeux à qqn, généralement pour le prévenir discrètement d''un danger; df( on dit aussi )df nf( ncə́'' nkàp nɑ́ wèn : litt., griffer qqn comme pour discrètement lui demander de s''abstenir de faire qqch; )nf'),
(277, 441, 'ex', 'ǎ nǒ'' pòmā tɑ̀ nkwèè nshǐ yāā tə̄b :', 'il a épreint l''orange au point d''en extraire tout le suc'),
(278, 442, 'ex', 'nnó'' ncām mbʉ́ɑ́ :', 'double-cliquer.'),
(279, 445, 'ex', 'ǒ sì cáh wěn mbhì mɑ̄ njàm nnó''nɑ̄h :', '(proverbe) litt., n''envoie pas qqn en avant pour clignoter les yeux derrière lui; il faut éviter l''hypocrisie.'),
(280, 447, 'ex', 'ǒ sì cáh wěn mbhì mɑ̄ njàm nnó''nə̄h :', 'litt., n''envoie pas qqn en avant pour clignoter les yeux derrière lui; il faut éviter l''hypocrisie.'),
(281, 450, 'ex', 'ǎ nōō nshʉ́ɑ́ :', 'il est parti furtivement'),
(282, 451, 'ex', 'ǎ nōōsī nshʉ́ɑ́ :', 'il est parti furtivement'),
(283, 456, 'ex', 'nnú''nshì :', 'noyer'),
(284, 457, 'ex', 'nnú'' njɑ̀ɑ̀ pí pǎ'' mvāt :', 'pétrir le légume avec de l''huile de palme'),
(285, 458, 'ex', 'nnûndɑ̀pɑ̀'' :', 'fumeur'),
(286, 459, 'ex', 'nnū nshì :', 'se désaltérer, s''abreuver'),
(287, 459, 'ex', 'ngɑ̌ ìnnū nshì :', 'je voudrais boire de l''eau'),
(288, 460, 'ex', 'khʉ̀khʉ̄ɑ̄ lɑ́ nū mvāt :', 'ce kòkí a absorbé l''huile.'),
(289, 466, 'ex', 'ngɑ̌ nʉ̀ɑ̄ nkwèè pìì zǎ mbí pèn :', 'je vous fais abnégation de tous mes intérêts'),
(290, 469, 'ex', 'ghèn nnʉ́ɑ́ɑ́ kwéndʉ̄ɑ̄ ò :', 'va faire, va arranger ton lit.'),
(291, 470, 'ex', 'ǎ kònnʉ́ɑ́ɑ́ làk :', 'il fabrique la chaise.'),
(292, 473, 'ex', 'nnʉ̀ɑ̀ɑ̀ncāt :', 'litt., le réparateur de chaussure; le cordonnier, le savetier'),
(293, 473, 'ex', 'nnʉ̀ɑ̀ɑ̀ncāt :', 'le fabricant de chaussure.'),
(294, 475, 'ex', 'ghèn nnʉ́ɑ́ɑ́sí kwéndʉ̄ɑ̄ ō :', 'va faire, va arranger ton lit.'),
(295, 476, 'ex', 'ǎ kònnʉ́ɑ́ɑ́sí làk :', 'il fabrique la chaise.'),
(296, 483, 'ex', 'móó nǔ''nshì :', 'l''enfant s''est noyé'),
(297, 483, 'ex', 'ò sǐ'' nzhī nàh nnāh nshì bɑ̄, mɑ̀ ǒ nnú''nshì :', 'si tu ne sais pas nagé, tu te noieras.'),
(298, 484, 'ex', 'nnú''nshǔ wèn :', 'corrompre, soudoyer quelqu''un'),
(299, 488, 'ex', 'ŋà'' ghǎ''zū lɑ́ ngwɑ̄'' :', 'enlève les ordures et jette-les.'),
(300, 490, 'ex', 'nŋɑ̄'' nā :', 'se vanter; df( litt., porter son corps haut, hisser son corps; )df'),
(301, 491, 'ex', 'ǒ káá khʉ̀ nŋɑ̄'' ghòò, nàh nŋwā'' nā ò :', 'tu t''es prostituée et a contracté la maladie, c''est tant pis pour toi; df( litt., )df nf( nŋwā'' )nf df( signifie )df trad( se réjouir de; )trad df( il est donc utilisé ironiquement dans cette phrase; )df'),
(302, 493, 'ex', 'ntʉ̀'' tēlɑ̄ lɑ́ ŋāā :', 'cette tige de fer est sinueuse.'),
(303, 495, 'ex', 'nthʉ́ ŋāā pè''è mbóm :', 'les arbres ont entièrement entouré la concession.'),
(304, 498, 'ex', 'ntʉ̀'' tēlɑ̄ lɑ́ ŋāāsī :', 'cette tige de fer est sinueuse'),
(305, 500, 'ex', 'nthʉ́ ŋāāsī pè''è mbóm :', 'les arbres ont entièrement entouré la concession.'),
(306, 501, 'ex', 'ndə̌'' sí'' nkə́'' mbʉ́ɑ́ ŋàh bɑ̄ :', 'le paresseux n''aime pas d''efforts, le paresseux n''aime pas s''efforcer.'),
(307, 512, 'ex', 'ŋə̄b pō ō :', 'ferme ta main'),
(308, 512, 'ex', 'ŋə̄b nə̄h mǒ :', 'ferme tes yeux.'),
(309, 513, 'ex', 'ŋə̄bsī pō ō :', 'ferme ta main'),
(310, 513, 'ex', 'ŋə̄bsī nə̄h mǒ :', 'ferme tes yeux.'),
(311, 514, 'ex', 'ŋə̄ə̄sī pō ō :', 'ferme ta main'),
(312, 516, 'ex', 'ŋə̄m pō ō :', 'ferme ta main'),
(313, 516, 'ex', 'ŋə̄m nə̄h mǒ :', 'ferme tes yeux.'),
(314, 517, 'ex', 'ŋə̄msī pō ō :', 'ferme ta main'),
(315, 517, 'ex', 'ŋə̄msī nə̄h mǒ :', 'ferme tes yeux.'),
(316, 520, 'ex', 'ŋōm pō ō :', 'ferme ta main'),
(317, 520, 'ex', 'ŋōm nə̄h mǒ :', 'ferme tes yeux.'),
(318, 524, 'ex', 'ǒ sì ŋō''sī ndhī :', 'ne froisse pas les habits'),
(319, 525, 'ex', 'ghèn nsák ndhī ō lɑ́, yáá ŋū''sī :', 'va repasser ton habit, c''est froissé'),
(320, 527, 'ex', 'nǔkɑ́ ǒ mʉ̀nŋū'' fà''á, fóh mʉ̀nkō ō kāhā? trad( Pourquoi te recroquevilles-tu ainsi, aurais-tu froid? )trad', ''),
(321, 528, 'ex', 'mōō lɑ́ nŋū''sī yə̄ə̄ :', 'cet enfant est très timide.'),
(322, 531, 'ex', 'ghèn nsák ndhī ō lɑ́, yáá ŋū''sī :', 'va repasser ton habit, c''est froissé'),
(323, 531, 'ex', 'lēn mbú í mɑ́ á sì ŋū''sī sī ī :', 'dis-lui de ne pas renfrogner son visage'),
(324, 533, 'ex', 'nǔkɑ́ ǒ mʉ̀nŋū''sī fà''á, fóh mʉ̀nkō ō kāhā? trad( Pourquoi te recroquevilles-tu ainsi, aurais-tu froid? )trad', ''),
(325, 534, 'ex', 'mōō lɑ́ nŋū''sī yə̄ə̄ :', 'cet enfant est très timide.'),
(326, 535, 'ex', 'mbǎk ŋwà'' :', 'il a bruiné'),
(327, 536, 'ex', 'mbā'' lɑ́ nŋwā''sī :', 'cet homme est très jovial.'),
(328, 537, 'ex', 'pó kònŋwā'' nā yɑ̀ɑ̀ :', 'ils se réjouissent'),
(329, 537, 'ex', 'ǎ mʉ̀mfāt mbɑ̀ɑ̀ náh mɑ̄nŋwā'' nā ì :', 'il se réjoui en mangeant de la viande.'),
(330, 538, 'ex', 'ǒ káá khʉ̀ nŋɑ̄'' ghòò, nàh nŋwā'' nā ò :', 'tu t''es prostituée et a contracté la maladie, c''est tant pis pour toi.'),
(331, 539, 'ex', 'nthí nzhǐ ŋwā'' :', 'la distance est très longue.'),
(332, 541, 'ex', 'ghèn nŋwáá nshì náh nsɑ́'' :', 'va puiser de l''eau et apporte-le-moi'),
(333, 541, 'ex', 'yāā sǎ'' ò ŋwāà :', 'si ça tombe, si ça se verse, tu ramasses.'),
(334, 542, 'ex', 'ngɑ̌ lí'' dǐ kò mbàk ŋwâh :', 'à peine arrivé au champ, la pluie est survenue.'),
(335, 543, 'ex', 'mbǎk kònŋwá''sí :', 'il pleut légèrement, il bruine'),
(336, 544, 'ex', 'mbā'' lɑ́ nŋwā''sī :', 'cet homme est jovial, il est accueillant, affable, amène.'),
(337, 546, 'ex', 'làt lɑ́ kònŋwāt, yāā kɑ̀'' cóh mbhī :', 'cette banane a un goût de sève, ce n''est pas bien cuit.'),
(338, 548, 'ex', 'làt lɑ́ kònŋwātlɑ̄, yāā kɑ̀'' cóh mbhī :', 'cette banane a un goût de sève, ce n''est pas bien cuit.'),
(339, 549, 'ex', 'ŋwātlɑ̄'' kè'' :', 'ministre des affaires étrangères; df( litt., ministre d''en haut; )df'),
(340, 549, 'ex', 'ŋwātlɑ̄'' ntámbèè :', 'ministre de l''intérieur.'),
(341, 554, 'ex', 'ntēē nò :', 'ton marché'),
(342, 554, 'ex', 'mbìì nō :', 'ton flanc'),
(343, 554, 'ex', 'mbīī nò :', 'ton igname'),
(344, 557, 'ex', 'pō sǐ'' nzhī nò'' nzʉ̄ yì yáá nhɑ̄ mvāt lɑ́ bɑ̄ :', '(proverbe) dans un ensemble de noix de palme, on ne connait pas celle qui produit l''huile'),
(345, 557, 'ex', 'nò'' làt :', 'doigt de banane'),
(346, 557, 'ex', 'nò'' kòlə̀'' :', 'doigt de plantain'),
(347, 557, 'ex', 'nò'' shʉ̄ɑ̄ :', 'une prune entière.'),
(348, 558, 'ex', 'nnó'' mbèè :', 'presser l''abcès'),
(349, 558, 'ex', 'nǒ'' mvēlɑ̀ ntōh :', 'presse les herbes pour te frayer un chemin'),
(350, 558, 'ex', 'ǒ sì cáh wěn mbhì mbɑ̄ njàm nnó'' nə̄h :', '(proverbe) n''encourage pas, ne motive pas quelqu''un à faire quelque chose alors que tu n''y penses pas; ne sois pas hypocrite; df( litt., n''envoie pas quelqu''un devant pour clignoter les yeux dans son dos. )df'),
(351, 559, 'ex', 'sǐ'' ngēē nō bɑ̄ :', 'je ne fraie pas avec toi, je ne te rend pas visite; df( comme pour dire que je ne dépends pas de toi; )df'),
(352, 560, 'ex', 'nǒknshù :', '(les poils de la bouche) les moustaches'),
(353, 560, 'ex', 'nǒktěnshù :', '(les poils du menton) la barbe'),
(354, 560, 'ex', 'nònòk :', 'velu'),
(355, 560, 'ex', 'ǒ cát nòk pɑ́'' nkēē lɑ́ :', 'tu es velu comme un singe'),
(356, 560, 'ex', 'nǒk nzhʉ̀nzhʉ̀ɑ̀ :', 'poil du mouton, la toison.'),
(357, 561, 'ex', 'njā'' nòk :', 'une chevelure, un brin de cheveu, un poil'),
(358, 561, 'ex', 'nǒktū :', 'les cheveux'),
(359, 561, 'ex', 'nǒktú ó cāt :', 'tes cheveux sont touffus.'),
(360, 568, 'ex', 'nǒktú ó cāt :', 'tes cheveux sont touffus.'),
(361, 571, 'ex', 'ǎ nóó nshʉ́ɑ́ :', 'il est parti furtivement'),
(362, 572, 'ex', 'ǎ nnák nōōnóó yāā :', 'il marche nonchalamment.'),
(363, 573, 'ex', 'ǎ nōōsī nshʉ́ɑ́ :', 'il est parti furtivement.'),
(364, 575, 'ex', 'nsá''ntèn :', 'dévoiler les faiblesses de qqn'),
(365, 575, 'ex', 'ǎ sǎ''ntèn mā :', 'il a dévoilé mes faiblesses en publique.'),
(366, 576, 'ex', 'nsá'' wèn :', 'surprendre quelqu’un'),
(367, 576, 'ex', 'ǎ sà'' lā :', 'il m''a surpris, il m''a pris sur le fait.'),
(368, 578, 'ex', 'pó nnēē ndə̄ə̄ nsá'' nkùɑ̀ pí kíé''pō :', 'on prépare généralement le couscous maïs sauce nkui accompagné de légumes appelé nf( kíé''pō; )nf'),
(369, 579, 'ex', 'ghʉ̌ mɑ̀ wǎ, ndʉ́'' yá'' mɑ̄nsɑ́'' :', 'fais vite, la voiture arrive déjà.'),
(370, 580, 'ex', 'nkhʉ̀ lɑ́ mɑ̄nsɑ́'' :', 'cette corde est élastique'),
(371, 581, 'ex', 'Cwàālák sɑ̌'' mbɑ̀ɑ̀ bà :', 'Tchoualak a arraché ma viande'),
(372, 584, 'ex', 'nsɑ̂''ngwè'', nsɑ̂''ngə̀'' :', 'le président d''un Etat, le président de la République'),
(373, 584, 'ex', 'nsɑ̂''ncà'' :', 'le juge.'),
(374, 586, 'ex', 'nzɑ̄ nsɑ̄'' :', 'recevoir, être bénéficiaire de l''argent de la tontine'),
(375, 586, 'ex', 'ngwɑ́ nsɑ̄'' :', 'ne pas pouvoir contribuer à la tontine, l''échec tontine'),
(376, 586, 'ex', 'mmɑ́'' nsɑ̄'' :', 'contribuer, donne sa quote-part à la tontine'),
(377, 589, 'ex', 'Cǎmngwéé kə̌'' nàh nsɑ̄'' pʉ̀ yə̄ə̄ :', 'Tchamgoue aime trop gouverner.'),
(378, 590, 'ex', 'nsɑ̄'' ncà'' :', 'juger un différend.'),
(379, 591, 'ex', 'kɑ́ tɑ́ pěn sáá nsɑ̄''? trad( De quoi est-ce que vous discutez là-bas?)trad', ''),
(380, 592, 'ex', 'sɑ̀ɑ̀ nhɑ̄ yǎ lè :', 'partage, divise tu donnes ma part'),
(381, 598, 'ex', 'ǎ sàh ngwǎ'' mɑ̀'' pʉ́ɑ́ :', 'il est grand d''environ deux mètres'),
(382, 598, 'ex', 'nthí nzhǐ sàh :', 'la route est longue.'),
(383, 599, 'ex', 'nzhǐ sàh :', 'la route est longue'),
(384, 599, 'ex', 'nzhì kǒ sàh :', 'le chemin du champ est long, le champ est éloigné.'),
(385, 600, 'ex', 'còh nsāh mbə̀pə̄'' :', 'compte bien, calcule bien.'),
(386, 601, 'ex', 'nsāh nù :', 'causer, se concerter, débattre une affaire'),
(387, 602, 'ex', 'nī lɑ́ sɑ̀h :', 'ce coupe-coupe est émoussé.'),
(388, 605, 'ex', 'ò sì sɑ̄h nzɑ̄ tʉ̄'' :', 'ne mets pas long dehors la nuit.'),
(389, 611, 'ex', 'ndhī ō lɑ́ fhʉ̀sì, ghèn nsák yāā :', 'ton habit-là est froissé, va le repasser'),
(390, 611, 'ex', 'mbôôpè''é mʉ̀nsák sīēndʉ̄ɑ̄ :', 'le maçon cimente le sol.'),
(391, 612, 'ex', 'nsàk pè''è :', 'le crépisseur d''une maison'),
(392, 612, 'ex', 'nsàkndhī :', 'le fer à repasser'),
(393, 613, 'ex', 'kó''ná mɑ̄ngʉ́ wèn, à mɑ̄nsāk :', 'quand qqn a la fièvre, il grelotte'),
(394, 614, 'ex', 'nkhʉ̌nkèn zǒ kònsāk :', 'ton téléphone vibre.'),
(395, 617, 'ex', 'ná í kònsāksī :', 'son corps grelotte'),
(396, 617, 'ex', 'khù í kònsāksī :', 'son pied grelotte, son pied tremble.'),
(397, 618, 'ex', 'nkhʉ̌nkèn zǒ kònsāksī :', 'ton téléphone vibre.'),
(398, 629, 'ex', 'pó còh ncwēēncà'' :', 'on a bien tranché l''affaire'),
(399, 635, 'ex', 'pʉ̌ ntōmnàm, pɑ̌ntômnàm :', 'les Orientaux'),
(400, 636, 'ex', 'ncǒ ntómntōm :', 'guerre mondiale'),
(401, 639, 'ex', 'Cǎmnǎ'' ghʉ̌ tóngǎ nə̄h pɑ́'' ngòòndə̄b lɑ́ :', 'Cǎmnà'' a des yeux chatoyant comme ceux du chat.'),
(402, 644, 'ex', 'mbɑ̄'' ó ndʉ̄ɑ̄lə̄ ntóó mbɑ̀ɑ̀ :', 'mon père est en train de rôtir la viande à la cuisine'),
(403, 644, 'ex', 'ngɑ̌ kòntóó ngāp :', 'je rôti le poulet.'),
(404, 645, 'ex', 'ntòòlɑ̄'' :', 'vainqueur en guerre; df( litt., qui incendie un village; )df'),
(405, 645, 'ex', 'ntòònjò'' :', 'la femme, l''épouse, la fiancée, la petite-amie; df( litt., celui ou celle qui rôti la patate au feu de bois. )df'),
(406, 646, 'ex', 'kòlə̀'' sì ntōō sǐ və̌h fùfùà bɑ̄ :', 'un bananier sans étai ne peut résister au vent'),
(407, 646, 'ex', 'ntōō sáhpè''è :', 'le poteau, la colonne'),
(408, 651, 'ex', 'ǎ yǒh nshì pō tōō ngǒk těn lì :', 'il a chanté et on l''a apprécié par des cris d''encouragement.'),
(409, 652, 'ex', 'pó tǒǒngǒk těn lì nɑ́ mfɑ̀'' sìpē'' mī :', 'on l''a hué pour son mauvais travail.'),
(410, 664, 'ex', 'ndhīntôôtū :', 'la taie d''oreiller'),
(411, 670, 'ex', 'ntú lʉ̀ɑ̀'' :', 'les boutures, les plants d''ignames.'),
(412, 671, 'ex', 'ntǔ'' kām :', 'vase d''honneur'),
(413, 671, 'ex', 'ntǔ'' ndù'' :', 'récipient au vin'),
(414, 673, 'ex', 'ntú lʉ̀ɑ̀'' :', 'les boutures, les plants d''ignames.'),
(415, 675, 'ex', 'ntǔ'' kām :', 'vase d''honneur'),
(416, 675, 'ex', 'ntū'' ndù'' :', 'récipient au vin'),
(417, 678, 'ex', 'ntʉ̀'' ndàk :', 'un bambou'),
(418, 678, 'ex', 'ntʉ̀'' nshwī :', 'un morceau de bois de chauffage.'),
(419, 679, 'ex', 'ntʉ̀''ntāmngù'' :', 'une corvée célèbre dont la durée était d''un an, destinée à construire le chemin de fer à partir d''Eseka; df( ça se faisait sous l''administration française; )df'),
(420, 684, 'ex', 'ŋɑ̄'' ntʉ̄ɑ̄ sīē :', 'porte tu déposes au sol.'),
(421, 690, 'ex', 'ǒ mʉ̀ntʉ́ɑ́'' pí wūɑ̄kɔ̀ :', 'tu blagues avec la mort, tu risques ta vie.'),
(422, 692, 'ex', 'ntʉ̀ɑ̀'' à bɑ́ :', 'c''est mon vassal, c''est mon vaincu'),
(423, 692, 'ex', 'mbēn ntʉ̀ɑ̀'' :', 'capituler, se soumettre, s''avouer vaincu'),
(424, 692, 'ex', 'fə̀ntʉ̀ɑ̀'' :', 'un vassal, un chef qui est sous la domination d''un roi plus puissant que lui.'),
(425, 695, 'ex', 'wɑ̄ bɑ́ ntʉ̄ɑ̀ béé kwà''sì lè? trad( Qui est l’auteur de cette pensée? )trad', ''),
(426, 695, 'Ex', 'mɑ̄vō Ndə̀ə̄ngwê bɑ́ ntʉ̄ɑ̀ wūfī lè :', 'C’est madame Ndeungoue l’inventrice de cette invention'),
(427, 695, 'ex', 'mbɑ̄'' Shwǎ''tīē bɑ́ ntʉ̄ɑ̀ kǎ''mfɑ̌'' sāhndó'' fī lè :', 'M. Chuatie est l''inventeur de ce logiciel informatique'),
(428, 696, 'ex', 'ntʉ̄ɑ̄ shʉ̀ɑ̀'' :', 'porter un chapeau; df( litt., poser un chapeau sur sa tête; )df'),
(429, 696, 'ex', 'ŋɑ̄'' ntʉ̄ɑ̄ sīē :', 'porte tu déposes au sol.'),
(430, 697, 'ex', 'wɑ̄ bɑ̄ lɑ̀tʉ̄ɑ̄ lɑ́'' Njə̄ə̄? trad( Qui fut le créateur du village Bandja? )trad', ''),
(431, 698, 'ex', 'ntʉ̄ɑ̄kɑ̀'' :', 'se promettre mutuellement, se donner un rendez-vous'),
(432, 698, 'ex', 'tʉ́ɑ́kɑ̀'' :', 'convention'),
(433, 698, 'ex', 'tʉ́ɑ́kɑ̀'' :', 'rendez-vous, promesse.'),
(434, 699, 'ex', 'nǎm kòntʉ̄ɑ̄ :', 'il fait soleil; df( litt., le soleil apparait, le soleil s''annonce, le soleil point. )df'),
(435, 700, 'ex', 'nú tʉ̄ɑ̄ ī :', 'le serpent l''a mordu.'),
(436, 701, 'ex', 'ŋwɑ́'' tʉ̄ɑ̄ ī :', 'l''abeille l''a piqué.'),
(437, 702, 'ex', 'nɑ̄'' lɑ̄ tʉ̄ɑ̄ yə̄ə̄ :', 'cette sauce est très pimentées'),
(438, 704, 'ex', 'pʉ̄nkhʉ̀ɑ́ kòntʉ̄ɑ̄''nkwàà :', 'les enfants bagarrent'),
(439, 706, 'ex', 'ntʉ̄ɑ̀’ nkwàà :', 'lutteur.'),
(440, 707, 'ex', 'ntʉ̄ɑ̀''mbō lɑ̀'' sə̄ə̄ wū :', 'on ajoute à celui qui dit merci; df( litt., celui qui reçoit humblement n''a jamais manqué qqch; )df'),
(441, 716, 'ex', 'sāktēlɑ́ ntʉ̄ɑ̄nkhǔsīē :', 'l''avion a atterri'),
(442, 722, 'ex', 'póónsə̀b píá póóngǒǒ njōkò ntʉ́ɑ́''sí, ǹ njāt ndʉ̄ɑ̄ ndǒk à :', 'les jeunes garçons et les jeunes filles batifolent, et moi je suis resté solitaire'),
(443, 722, 'ex', 'yōh pɑ́h í nkə̀''nì mǎ còh ntʉ́ɑ́''sí zé''è :', 'je me suis bien ébattu avec mon amour aujourd''hui; nous avons bien batifolé.'),
(444, 741, 'ex', 'ntʉ̄ʉ̀ tàb :', 'l''abatteur de forêt'),
(445, 741, 'ex', 'ntʉ̄ʉ̀ nʉ̀ɑ̀ :', 'le débroussailleur de champs'),
(446, 744, 'ex', 'sēn ntʉ̄ʉ̄ bǎ fhʉ̀ɑ̀ ā :', 'mon confident m''a trahi'),
(447, 746, 'ex', 'shʉ̀ɑ̌nù :', 'merveille; df( litt., chose extraordinaire, qui dépasse l''entendement; )df'),
(448, 746, 'ex', 'nùndéndēē, nùndíndēē :', 'la vérité; df( litt., chose vraie; )df'),
(449, 746, 'ex', 'nùsìpè'' :', ' le péché; df( litt., chose mauvaise. )df'),
(450, 747, 'ex', 'nǔlɑ̄'', nǔngwè'' :', 'affaires politiques'),
(451, 747, 'ex', 'nǔ lə́ə́ndʉ̄ɑ̄ :', 'affaires matrimoniales'),
(452, 747, 'ex', 'nǔmbèè :', 'les coutumes, les traditions ancestrales'),
(453, 747, 'ex', 'nǔntēē :', 'le commerce, tout ce qui a trait au commerce'),
(454, 747, 'ex', 'nǔ mēnsī :', 'état d''orphelin'),
(455, 747, 'ex', 'nǔmbōō, nǔsīē :', 'la religion'),
(456, 747, 'ex', 'nǔ mɑ̄ghɑ̀ɑ̀ :', 'les affaires de concubinages et d''adultère'),
(457, 747, 'ex', 'nǔngʉ̄ɑ̄ :', 'la jactance, la vanité'),
(458, 747, 'ex', 'nǔ wūɑ̄ :', 'affaire funeste, mortelle'),
(459, 747, 'ex', 'nǔ ndʉ̀'' :', 'intrigues, affaire compliquée.'),
(460, 748, 'ex', 'ǒ sì cō ntáb nù yōh :', 'ne t''immisce pas dans notre problème'),
(461, 748, 'ex', 'nǔncà'' :', 'litige'),
(462, 749, 'ex', 'nnú'' njɑ̀ɑ̀ :', 'pétrir les épinards avec de l''huile.'),
(463, 753, 'ex', 'nūnkə̀ə̀ :', 'le naja (genre de serpent)'),
(464, 753, 'ex', 'nūnshì :', 'le serpent d''eau.'),
(465, 754, 'ex', 'ghèn nnū hù zǒ :', 'va boire ton remède'),
(466, 754, 'ex', 'nnū ngùh :', 'passer les épreuves d''ordalies dans le but de se justifier, de se disculper d''une affaire'),
(467, 759, 'ex', 'nʉ̀ɑ̄ mbìyā'' :', 'le champ d''arachides'),
(468, 759, 'ex', 'nʉ̀ɑ̄ kú''kà'' :', 'le champ de macabos'),
(469, 759, 'ex', 'nʉ̀ɑ̄ njò'' :', 'le champ de patates.'),
(470, 763, 'ex', 'ghèn nnʉ́ɑ́ɑ́ kwéndʉ̄ɑ̄ ò :', 'va faire, va arranger ton lit.'),
(471, 764, 'ex', 'ǎ kònnʉ́ɑ́ɑ́ làk :', 'il fabrique la chaise.'),
(472, 766, 'ex', 'zʉ̌''nʉ̀ɑ̀ɑ̀ :', 'lieu de fabrication; industrie, usine, compagnie, fabrique, atelier, forge.'),
(473, 767, 'ex', 'ghèn nnʉ́ɑ́ɑ́sí kwéndʉ̄ɑ̄ ò :', 'va faire, va arranger ton lit.'),
(474, 768, 'ex', 'ǎ kònnʉ́ɑ́ɑ́sí làk :', 'il fabrique la chaise.'),
(475, 773, 'ex', 'nǔkɑ́ ǒ mʉ̀ngé''? trad( Pourquoi pleures-tu? )trad', ''),
(476, 773, 'Ex', 'Ǒ zàb ī nǔkɑ́? trad( Pourquoi l''as-tu tapé? Cf. mbī''tūmɑ́ :)trad', 'parce que.'),
(477, 776, 'ex', 'nùmbə̀pə̄'' sǐ mbīē bɑ̄ :', 'un bienfait n''est jamais perdu'),
(478, 799, 'ex', 'nūnúwèn :', 'personne nonchalante, timide'),
(479, 805, 'ex', 'nùpə̀pē'' sǐ mbīē bɑ̄ :', 'un bienfait n''est jamais perdu'),
(480, 808, 'ex', 'ǎ ngʉ́ sə̀b tɑ̀'' :', 'il aime trop faire le beau'),
(481, 814, 'ex', 'ngʉ́ nǔzhwìè :', 'amuser, divertir les gens, les faire rire.'),
(482, 818, 'ex', 'nzɑ̂wū :', 'glouton, gourmand, gros mangeur.'),
(483, 819, 'ex', 'nzɑ̂kǎm :', 'celui qui gagne, qui acquiert un titre de noblesse'),
(484, 819, 'ex', 'nzɑ̂ntɑ̄'', nzɑ̂nsɑ̄'' :', 'celui qui reçoit l''argent cotisé lors des tontines mutuelles'),
(485, 819, 'ex', 'nzɑ̂ndʉ̄ɑ̄ :', 'le successeur, l''héritier, litt., celui qui gagne en héritage une maison'),
(486, 820, 'ex', 'nzɑ̂pìì :', 'le bénéficiaire; df( litt., celui qui profite; )df'),
(487, 821, 'ex', 'nzɑ̂ Ngǎ''ncə̄ :', 'seigneur Ngatcheu; df( il signifie )df trad( vainqueur; )trad'),
(488, 822, 'ex', 'pó nnēē nzɑ̄ nsā'' pí nkùɑ̀ :', 'on mange généralement le couscous maïs avec le nkui; df( différemment de )df nf( mfāt, nzɑ̄ )nf df( est généralement utilisé pour des aliments qui ne nécessitent pas d''efforts pour manger; il faut retenir tout simplement que, lorsqu''on doit fournir beauco'),
(489, 822, 'ex', 'mfāt mbɑ̀ɑ̀ :', 'manger la viande df( (car on la mâche longuement avant d''avaler); mais on dit )df nf( nzɑ̄ njò'' : manger la patate cuite )nf df( (on mâche peu et avale). )df'),
(490, 823, 'ex', 'pɑ̌h zɑ̄ ngū'' :', 'nous avons vaincu, nous avons gagné'),
(491, 823, 'ex', 'yāā lɑ̄'' bɑ̄ nzɑ̄ ncò? trad( Quel pays a gagné la guerre? Syn. nzáp. )trad', ''),
(492, 824, 'ex', 'dhù ngén nzɑ̄ :', 'va dehors.'),
(493, 825, 'ex', 'nshʉ̀ɑ̀ nzɑ̄ :', 'l''état atmosphérique, la météorologie'),
(494, 825, 'ex', 'ngɑ̀ɑ̄nzɑ̄ :', 'étymologiquement, l''unité de division du temps'),
(495, 828, 'ex', 'kɑ́ tɑ́ ó kònzāb? trad( Tu enroules quoi? Cf. nzābsī. )trad', ''),
(496, 830, 'ex', 'kɑ́ tɑ́ ó kònzābsī? trad( Tu enroules quoi? Cf. nzāmsī.)trad', ''),
(497, 832, 'ex', 'kɑ́ tɑ́ ó mbú ì nzɑ́h? trad( Que lui réclames-tu? Cf. nzə́h. )trad', ''),
(498, 833, 'ex', 'nzɑ̀h wū :', 'le créancier'),
(499, 836, 'ex', 'nzhwīē í zǎk njǎm ì :', 'sa femme l''a trahi'),
(500, 839, 'ex', 'nzâk nshwī :', 'fagot de bois.'),
(501, 841, 'ex', 'nzāk nshwī :', 'fagot de bois.'),
(502, 843, 'ex', 'nzākmbōmfènmbʉ́ɑ́ :', 'trahir'),
(503, 849, 'ex', 'nzhwīē à lɑ̀'' zák njǎb à :', 'ma femme ne m''a jamais trahi'),
(504, 849, 'ex', 'ndú á zǎk njǎb à :', 'mon mari m''a trahi'),
(505, 851, 'ex', 'nzhwīē à lɑ̀'' zák njǎm à :', 'ma femme ne m''a jamais trahi'),
(506, 851, 'ex', 'ndú á zǎk njǎm à :', 'mon mari m''a trahi'),
(507, 855, 'ex', 'mʉ̄ɑ̄lǒh zāksī ntām nshì :', 'le rocher a roulé et est tombé à la rivière.'),
(508, 858, 'ex', 'kɑ́ tɑ́ ó kònzām? trad( Tu enroules quoi? Syn. nzāmsī; )trad', ''),
(509, 861, 'ex', 'kɑ́ tɑ́ ó kònzāmsī? trad( Tu enroules quoi? Cf. nzābsī.)trad', ''),
(510, 872, 'ex', 'tɑ̀'' nzɑ̂pìì bɑ́ :', 'c''est un profiteur'),
(511, 877, 'ex', 'nzápsí ghə̀ə̀ :', 'parler confusément, avec hésitation, soit parce qu''on ne maitrise pas le sujet, soit parce qu''on a fait qqch d''honteux et qu''on veuille se justifier avec peine'),
(512, 880, 'ex', 'sʉ́ɑ́'' zɑ̄sī kwéndʉ̄ɑ̄ wǎ'' :', 'les termites ont rongé entièrement le lit'),
(513, 880, 'ex', 'ntà''sǐ zɑ̄sī sī ā wǎ'' :', 'la gale a entièrement rongé ma figure'),
(514, 882, 'ex', 'nzátnə̀ə̀ :', 'les fientes, les crottes.'),
(515, 889, 'ex', 'pʉ̀ɑ̀ lɑ́ zàtsì :', 'ce sac est bien chargé, c''est lourd.'),
(516, 890, 'ex', 'mbā'' lɑ́ zàtsì :', 'cet homme est une illustre personnalité.'),
(517, 893, 'ex', 'kɑ́ tɑ́ ǒ mbú ì nzə́h? trad( Que lui réclames-tu?)trad', ''),
(518, 894, 'ex', 'mbǎ''nzèn :', 'testicules; df( litt., noyaux se trouvant dans les bourses, dans le sac testiculaire. )df'),
(519, 895, 'ex', 'mbā'' lɑ́ mɑ̄ tɑ̀'' sìcə̄nzèn :', 'cet homme est impitoyable'),
(520, 895, 'ex', 'cə̄ə̄ nzèn mā :', 'ais pitié de moi'),
(521, 895, 'ex', 'Nshʉ̀ɑ̀pʉ̀ Sīé cə̄ə̄ nzèn mɑ̄ɑ̄ :', 'le seigneur a eu pitié d''eux.'),
(522, 904, 'ex', 'ngà''kǎ'' zhì ā ngwā'' :', 'le médecin m''a proscrit le sel'),
(523, 905, 'ex', 'ngɑ̌ yú'' mǒ'' ntīē cə̀'' tɑ̀ nā à zhî :', 'j''ai été épouvanté à l''écoute d''une nouvelle étrange.'),
(524, 907, 'ex', 'ǎ ghě'' wúɑ́ ndū ì tɑ̀ nzhì ì shīē'' :', 'elle a tellement pleuré le deuil de son mari que sa voix est devenue rauque'),
(525, 907, 'ex', 'hɑ̄ nzhì ǒ thʉ̄ :', 'parle fortement'),
(526, 907, 'ex', 'nzhǐntē'' :', 'la voyelle; df( litt., la voix provenant de la gorge; )df'),
(527, 908, 'ex', 'kō''sī nzhì mbǔ''nkèn lɑ́ :', 'augmente le volume de la radio.'),
(528, 909, 'ex', 'líé''nzhì :', 'jour non ouvrable, jour interdit de travailler au champ; jour férié, jour néfaste, jour funeste'),
(529, 909, 'ex', 'wúnzhì :', 'chose sacrée et donc interdit de consommer ou d''utiliser; chose funeste'),
(530, 909, 'ex', 'kǒmnzhì, kə̌bnzhì :', 'société, réunion réservée aux plus grand notables, le parlement.'),
(531, 911, 'ex', 'nzhîwèn :', 'assassin'),
(532, 911, 'ex', 'nzhîwèngénwūɑ̄ :', 'transfuge, traitre.'),
(533, 912, 'ex', 'ngɑ̌ zhí nàh nŋwɑ́'' ghə̌lɑ̄'' zǎ :', 'je sais écrire ma langue maternelle'),
(534, 912, 'ex', 'nzhwīē á zhī nàh nnā'' wúzɑ̄ :', 'ma femme sait cuisiner.'),
(535, 913, 'ex', 'pó zhī ncə̄'' :', 'on a tué le bandit'),
(536, 920, 'ex', 'nzhìèkǔ'' mʉ̀nkō ā :', 'j''ai faim.'),
(537, 921, 'ex', 'nzhìè nshǐ mʉ̀nkō ā :', 'j''ai soif'),
(538, 921, 'ex', 'nzhìè lǒ mɑ̀nkō ā :', 'j''ai envie de toi, tu me manques.'),
(539, 923, 'ex', 'ngòò nzhīè'' :', 'femme Bakondji'),
(540, 923, 'ex', 'ndhì nzhīè'' :', 'homme Bakondji'),
(541, 929, 'ex', 'nzhìèkǔ'' mʉ̀nkō ā :', 'j''ai faim.'),
(542, 932, 'ex', 'ghěn kò nzhíí mbɑ̄'' ē :', 'va au champ aider ton père'),
(543, 932, 'ex', 'cīcō''ò zhǐ pʉ̀ɑ̀ bê nhɑ̄ ā lɑ́ :', 's''il te plait, aide moi à transporter ce sac'),
(544, 944, 'ex', 'fùfùà bɑ̄ ntāb nzhìndʉ̄ɑ̄ :', 'c''est le vent qui a claqué la porte.'),
(545, 945, 'ex', 'ǎ zhínkhù mā :', 'il m''a découragé'),
(546, 947, 'ex', 'nə́hŋwɑ̀''nǐ nzhǐntē'' :', 'voyelle'),
(547, 947, 'ex', 'nə́hŋwɑ̀''nǐ vàm :', 'consonne'),
(548, 949, 'ex', 'nə́hŋwɑ̀''nǐ nzhǐntē'' :', 'voyelle'),
(549, 949, 'ex', 'nə́hŋwɑ̀''nǐ vàp :', 'consonne'),
(550, 954, 'ex', 'pó fhʉ̄ nzhǐnzhì nsɑ́'' :', 'ils sont venus de tous côtés'),
(551, 955, 'ex', 'nzhīnzhí mfɑ̀'' mǎ mɑ̀ncāhsī ā :', 'je suis occupé par mes multiples occupations'),
(552, 959, 'ex', 'ǎ nzhīsī pɑ́'' sɑ̄''sūā lɑ́ :', 'il est rusé comme un lièvre'),
(553, 970, 'ex', 'nzhìyū'' nkɑ̀ndàk :', 'sens propre'),
(554, 970, 'ex', 'nzhìyū'' mfèn :', 'sens figuré'),
(555, 970, 'ex', 'yū''mfèn :', 'sens figuré.'),
(556, 971, 'ex', 'nzhú ngòfāt :', 'égrener le maïs'),
(557, 972, 'ex', 'ntə́ə́thʉ́ zhù nsá'' sīē :', 'les fruits sont tous tombés de l''arbre.'),
(558, 974, 'ex', 'mbǎk mʉ̀nzhʉ́'' mbʉ́ɑ́ lō mfhʉ̄ wāhà :', 'il menace de pleuvoir depuis hier.'),
(559, 975, 'ex', 'ngɑ̌ sīē lè nzhʉ́'' mbʉ́ɑ́ ghěn mbèè :', 'je suis en train de projeter aller au village'),
(560, 976, 'ex', 'ǒ kə̌'' nàh nzhʉ́'' ngʉ̀'' yə̄ə̄ :', 'tu aimes tellement défier par la force.');

-- --------------------------------------------------------

--
-- Table structure for table `cita`
--

CREATE TABLE IF NOT EXISTS `cita` (
  `idCita` int(6) NOT NULL,
  `idEntry` int(6) NOT NULL,
  `trans` text,
  `cf` varchar(255) DEFAULT '''''',
  `syn` varchar(255) DEFAULT '''''',
  `anto` varchar(255) DEFAULT '''''',
  `hom` varchar(255) DEFAULT '''''',
  `NB` varchar(255) DEFAULT '''''',
  PRIMARY KEY (`idCita`),
  KEY `idEntry` (`idEntry`)
) ENGINE=MyISAM DEFAULT CHARSET=utf8;

--
-- Dumping data for table `cita`
--

INSERT INTO `cita` (`idCita`, `idEntry`, `trans`, `cf`, `syn`, `anto`, `hom`, `NB`) VALUES
(1, 1, 'Consonne constructive glottal encore appelée coup de glotte; elle se situe généralement sur une voyelle pour abréger le son de celle-ci', '', '', '', '', ''),
(2, 2, 'Exclamation marquant un étonnement ou un embarras.', '', '', '', '', ''),
(3, 3, 'il, elle', '', '', '', '', ''),
(4, 3, '(prép.) de', '', '', '', '', ''),
(5, 4, 'm'', me, moi', '', '', '', '', ''),
(6, 4, '(pron. poss.) mon, ma', '', '', '', '', ''),
(7, 4, '(pron. pers. sujet) il, elle', 'ǎ.', '', '', '', ''),
(8, 5, 'il, elle', '', '', '', '', ''),
(9, 6, 'm'', me', '', '', '', '', ''),
(10, 6, '(pron. poss.) mon, ma', '', '', '', '', ''),
(11, 6, '(prép.) de', '', '', '', '', ''),
(12, 6, 'originaire de, ou femme dont l''époux est originaire de', '', '', '', '', ''),
(13, 7, 'simple élan d''élocution, souvent facultatif', '', '', '', '', ''),
(14, 7, 'morphème prépositif de lieu; à, en, sur', '', '', '', '', ''),
(15, 7, 'subordinatif ou prépositif de but', '', '', '', '', ''),
(16, 7, 'il sert à marquer un désidératif (le désir) et aussi le subjonctif', '', '', '', '', ''),
(17, 7, 'particule, auxiliaire servant à interroger', '', '', '', '', ''),
(18, 8, 'Cette lettre n''a pas d''équivalent en français, ce son se rapproche du son français «eu» dans meule.', '', '', '', '', ''),
(19, 9, 'le continent africain', '', '', '', '', ''),
(20, 10, 'cri d''exclamation marquant une grande surprise', '', 'hɔ̌bɑ̂.', '', '', ''),
(21, 11, 'Amérique, Etats Unis d''Amérique.', '', '', '', '', ''),
(22, 12, 'Asie.', '', '', '', '', ''),
(23, 13, 'Quatrième lettre de l''alphabet fè''éfé''è.', '', '', '', '', ''),
(24, 14, 'mon, ma', '', '', '', '', ''),
(25, 15, 'ce, cela, voilà', '', '', '', '', ''),
(26, 16, 'me, moi', 'bō, bī, yōh, yēē, yɑ̄ɑ̄.', '', '', '', ''),
(27, 17, 'marque du conditionnel', '', '', '', '', ''),
(28, 18, 'n''est-ce pas?', '', '', '', '', ''),
(29, 18, '(conditionnel) si', '', '', '', '', ''),
(30, 19, 'verbe être', '', '', '', '', ''),
(31, 19, 'pronom relatif', '', '', '', '', ''),
(32, 19, '(particule formant la négation) pas', '', '', '', '', ''),
(33, 20, 'celui-là, proche de l’interlocuteur, proche de celui à qui on s''adresse', 'bǎ.', '', '', '', ''),
(34, 21, 'cela, ceux-là; utilisé lorsque l''objet est loin du locuteur et proche de l''interlocuteur', 'béè, bíì.', 'báá,', '', '', ''),
(35, 22, 'cri pour effrayer par surprise.', '', '', '', '', ''),
(36, 22, 'cri servant à conspuer, à huer, à montrer son indignation', '', 'pàâ!', '', '', ''),
(37, 23, 'cri pour effrayer', '', '', '', '', ''),
(38, 24, 'cri pour effrayer', '', '', '', '', ''),
(39, 25, 'Interjection pour effrayer qqn ou lorsqu''on a pris quelqu''un en flagrant délit de contre vérité', '', '', '', '', ''),
(40, 26, 'interjection servant à effrayer, à faire peur', '', '', '', '', ''),
(41, 27, 'encore', 'pàt.', '', '', '', ''),
(42, 28, 'ce, cette, ces, ceci, voici; df( désigne quelque chose proche du locuteur (proche de celui qui parle); )df', '', '', '', '', ''),
(43, 29, 'ce, cette, ces, ceci; désigne quelque chose proche du locuteur (proche de celui qui parle)', 'bê.', '', '', '', ''),
(44, 30, 'ce, cette, ceux-ci; utilisé lorsque l''objet est proche du locuteur', 'bàá, bíì.', 'béé', '', '', ''),
(45, 31, 'son, sa', 'lì, ì.', '', '', '', ''),
(46, 32, 'ce, cette, ces, ceci, voici; df( désigne quelque chose à la fois loin du locuteur et de l''interlocuteur; )df', '', '', '', '', ''),
(47, 33, 'lui, le , l’', 'bā, bō, yōh, yēē, yɑ̄ɑ̄.', '', '', '', ''),
(48, 34, 'ce, cette, ces, ceci, voici; df( désigne quelque chose à la fois loin du locuteur et de l''interlocuteur; )df', 'bî.', '', '', '', ''),
(49, 35, 'cela, ceux-là; df( utilisé lorsque l''objet est loin à la fois du locuteur et de l''interlocuteur; )df', 'béè, bíì.', 'bíí', '', '', ''),
(50, 36, 'ton ta', '', '', '', '', ''),
(51, 37, 'désigne la chose dont on parlait', '', '', 'dans d''autres localités du Haut-Nkam, on utilise nf( wû )nf df( à la place de )df nf( bô; )nf', '', ''),
(52, 38, 'te, toi', '', '', '', '', ''),
(53, 39, 'caisse, malle, cercueil.', '', '', '', '', ''),
(54, 40, 'sorte de danse traditionnel', '', 'lìsà.', '', '', ''),
(55, 41, 'Cinquième lettre de l''alphabet fè''éfé''è; se lit «tch»', '', '', '', '', ''),
(56, 42, 'piétiner', '', '', '', '', ''),
(57, 43, 'sorte d''arbre très vivace, dont on fait des haies vives.', '', '', '', '', ''),
(58, 43, 'cà''sì : joie.', '', '', '', '', ''),
(59, 43, '(Cà'', ville du Cameroun) Dschang', '', '', '', '', ''),
(60, 44, 'qui est en état de désuétude, vieux, usé, délabré, dégradé, en décrépitude', '', 'khʉ̀ɑ̌’.', '', '', ''),
(61, 44, 'maigre', '', '', '', '', ''),
(62, 45, 'piétiner; df( son fréquentatif est )df nf( cā''sī, )nf df( du verbe )df nf( ncā''sī : piétiner plusieurs fois; )nf df( la particule )df nf( sī )nf df( marque le fréquentatif en langue fè''éfé''è. )df', '', '', '', '', ''),
(63, 46, 'rendre visite, saluer', '', '', '', '', ''),
(64, 46, 'fouiller en bas d''un arbre fruitier pour ramasser les fruits sans cueillir', '', '', '', '', ''),
(65, 46, 'amonceler, entasser pêle-mêle.', '', '', '', '', ''),
(66, 46, 'Batcha, un village de l''arrondissement de Bana.', '', '', '', '', ''),
(67, 47, 'la terre', '', '', '', '', ''),
(68, 48, 'insulter, injurier', '', '', '', '', ''),
(69, 49, 'filtrer, purifier, décanter, épurer', '', '', '', '', ''),
(70, 49, 'le filtre.', '', '', '', '', ''),
(71, 49, 'faire prospérer, maintenir qqn en santé en le nourrissant convenablement', '', '', '', '', ''),
(72, 49, 'aménager', '', '', '', '', ''),
(73, 50, 'l''insulte, l''injure', 'ncɑ́ɑ́nshù.', 'lóknshù', '', '', ''),
(74, 51, 'filtrer, purifier, décanter, épurer.', '', '', '', '', ''),
(75, 52, ' partie, côté', '', 'pàh', '', '', ''),
(76, 53, 'petit lieu sacré à l''ombre, servant souvent de sacrifice', '', '', '', '', ''),
(77, 53, 'secret, aparté; df( en ce sens, il vient du fait que les choses qui se disent au lieu sacré ne doivent pas se dévoiler en publique; )df', '', '', '', '', ''),
(78, 53, '(p. p. du verbe ncáb) cogner, battre', 'tō : boxer.', '', '', '', ''),
(79, 53, 'ne pas trouver d''acquéreur, d''acheteur, invendu', '', '', '', '', ''),
(80, 53, 'égrener', '', '', '', '', ''),
(81, 54, 'fois, fréquence', '', '', '', '', ''),
(82, 55, 'égrener', '', 'càb, zhù.', '', '', ''),
(83, 56, 'saisir, tenir, attraper, arrêter', 'cāp.', '', '', '', ''),
(84, 57, 'persévérance, opiniâtreté, endurance', '', 'kwátnthʉ̄.', '', '', ''),
(85, 58, 'milieu', '', '', '', '', ''),
(86, 58, 'droit', '', '', '', '', ''),
(87, 58, '(p. p. du verbe ncáh) envoyer, expédier', '', '', '', '', ''),
(88, 58, '(p. p. du verbe ncáh) accompagner', '', '', '', '', ''),
(89, 58, '(ncáh) être maladroit, surtout en danse', '', '', '', '', ''),
(90, 58, 'estomac', '', '', '', '', ''),
(91, 59, 'bouché, bloqué, obstrué, enfermé', '', '', '', '', ''),
(92, 59, 'être empêché, être occupé, être bloqué; df( son fréquentatif est )df nf( cāhsī; )nf', '', '', '', '', ''),
(93, 59, 'être bloqué.', '', '', '', '', ''),
(94, 60, '', 'càh.', '', '', '', ''),
(95, 61, 'centre du pays.', '', '', '', '', ''),
(96, 61, 'chef-lieu', '', 'fə̀tʉ̄sə̀''.', '', '', ''),
(97, 61, 'capitale d''un pays', '', 'fə̀tʉ̄sə̀''.', '', '', ''),
(98, 61, 'centre de la ville', '', 'tʉ̄sə̀''.', '', '', ''),
(99, 62, 'sourd', '', 'ncǎhntōk.', '', '', ''),
(100, 63, 'jeûne, ascétisme, puritanisme', 'cámnā.', '', '', '', ''),
(101, 64, 'jeûner, ne pas manger.', '', '', '', '', ''),
(102, 64, 'avoir faim', 'cāh, nzhìè, cáhnzhìè.', 'ndɑ̄''nzhìè', '', '', ''),
(103, 65, 'fréquentative de cāh', 'cāh.', '', '', '', ''),
(104, 66, 'chercher', '', '', '', '', ''),
(105, 67, 'la marmite', '', '', '', '', ''),
(106, 67, '(p. p. et impératif du verbe ncák) attacher', '', '', '', '', ''),
(107, 68, 'en état de suspension', '', '', '', '', ''),
(108, 69, 'cāk ncālɑ̀ mō : cherche tes chaussures.', '', '', '', '', ''),
(109, 70, 'se cramponner, s''attacher fortement, s''agripper.', '', '', '', '', ''),
(110, 71, 'lampe tempête; df( lámbò c''est du pidgin, à éviter. )df', '', '', '', '', ''),
(111, 72, 'altercation, dispute, querelle, chicane', 'fǎknù, kàmɑ̀, kàbɑ̀.', 'kǎmncà''', '', '', ''),
(112, 73, 'recherche', '', '', '', '', ''),
(113, 74, 'anatomie.', '', '', '', '', ''),
(114, 75, 'se cramponner, s''efforcer avec acharnement, s''accrocher.', '', '', '', '', ''),
(115, 76, 'exégèse, critique.', '', '', '', '', ''),
(116, 76, 'chicane, contestation', 'ncākntèn.', '', '', '', ''),
(117, 77, 'sonder, examiner minutieusement dans le but de détecter les erreurs, critiquer, faire l''exégèse d''une œuvre', '', 'tēh lò'', tēh mbìà, tēhsī.', '', '', ''),
(118, 77, 'vétiller, chicaner, s''attarder à des futilités', 'ncâkntèn, cákntèn.', '', '', '', ''),
(119, 78, 'sorte de plante à grasse sève qui pousse bien dans les haies ou sur des places publiques', '', 'hǒǒlòò, hǒǒ.', '', '', ''),
(120, 79, '1 partie, côté', '', 'pàh', '', '', ''),
(121, 80, 'petit lieu sacré à l''ombre, servant souvent de sacrifice', '', '', '', '', ''),
(122, 80, 'secret, aparté; df( en ce sens, il vient du fait que les choses qui se disent au lieu sacré ne doivent pas se dévoiler en publique; )df', '', '', '', '', ''),
(123, 80, '(p. p. du verbe ncám) cogner, battre', 'tō : boxer.', '', '', '', ''),
(124, 80, 'ne pas trouver d''acquéreur, d''acheteur', '', '', '', '', ''),
(125, 80, 'égrener', '', '', '', '', ''),
(126, 81, 'fois, fréquence', '', '', '', '', ''),
(127, 82, 'son d''une marche aux pas cadencés et vifs.', '', '', '', '', ''),
(128, 83, 'quartier, région.', '', '', '', '', ''),
(129, 84, 'abstinence, continence, en parlant du refus de faire l''acte sexuel.', '', '', '', '', ''),
(130, 84, 'abstention, austérité, modération, ascétisme, ascèse, puritanisme', '', 'ghá''nù, ghá''wū.', '', '', ''),
(131, 85, 's''abstenir, se refuser certaines choses, se ressaisir; on dit généralement ncāmnā wèn', '', 'ngā'' wū.', '', '', ''),
(132, 85, 'se maitriser, se contenir, se maintenir dans le calme et ne pas agir lorsqu''on est en colère.', '', '', '', '', ''),
(133, 86, 'Sorte de danse des femmes.', '', '', '', '', ''),
(134, 87, 'secret d''état', 'càm', '', '', '', ''),
(135, 88, 'secret d''état', 'càm', '', '', '', ''),
(136, 89, 'un appartement.', '', '', '', '', ''),
(137, 90, 'cogner, frapper, battre d''une manière répétée.', '', '', '', '', ''),
(138, 90, 'ncámsí ghə̀ə̀ : s''entretenir familièrement et longuement.', '', '', '', '', ''),
(139, 90, 'patienter, s''abstenir, supporter', '', 'fēnsī, mfēnsī.', '', '', ''),
(140, 90, '(nom d''action) patience, abstinence', '', 'fēnsì.', '', '', ''),
(141, 90, 'causerie, entretien', 'tʉ́ɑ́nshù.', '', '', '', ''),
(142, 91, 'vêtement usé, haillon, guenille, chiffon, défroque', '', 'fʉ̀fátndhī; df( la différence avec )df nf( mvèndhī )nf df( est que, )df nf( cǎ''ndhī )nf df( a une connotation de vêtement usé alors que )df nf( mvèndhī )nf df( signifie vieux, mais pas nécessairement usé. )df', '', '', ''),
(143, 92, 'p. p. du verbe ncāp.', '', '', '', '', ''),
(144, 93, 'arrêter, saisir, freiner', '', '', '', '', ''),
(145, 93, 'entretenir, bien tenir', '', '', '', '', ''),
(146, 94, 'quartier, région', 'cámkò.', '', '', '', ''),
(147, 95, 'abstinence, continence, en parlant du refus de faire l''acte sexuel.', '', '', '', '', ''),
(148, 95, 'abstention, austérité, modération', '', 'ghá''nù, ghá''wū.', '', '', ''),
(149, 96, 's''abstenir, se refuser certaines choses, se ressaisir; df( on dit généralement )df nf( ncāpnā wèn; )nf', '', 'ngā'' wū.', '', '', ''),
(150, 96, 'se maitriser, se contenir, se maintenir dans le calme et ne pas agir lorsqu''on est en colère.', '', '', '', '', ''),
(151, 97, 'un appartement.', '', '', '', '', ''),
(152, 98, '(verbe ncá''sí) célébrer, fêter, commémorer.', '', '', '', '', ''),
(153, 98, 'fête, festin, festival.', '', '', '', '', ''),
(154, 98, 'joie, plaisir, satisfaction, contentement, bonheur, félicité, euphorie', '', 'yū''mbə̀pə̄’, yū''pə̀pē''.', '', '', ''),
(155, 99, 'piétiner plusieurs fois; df( la particule )df nf( sī )nf df( marque le fréquentatif en langue fè''éfé''è. )df', '', '', '', '', ''),
(156, 100, 'saluer', '', '', '', '', ''),
(157, 100, 'salutation', '', '', '', '', ''),
(158, 101, 'accrocher ou décrocher selon le sens du mouvement', '', '', '', '', ''),
(159, 102, 'casser', '', '', '', '', ''),
(160, 102, 'pousser, apparaitre, en parlant des cheveux, des poils, des herbes', '', '', '', '', ''),
(161, 103, 'barrage, batardeau, digue', 'ncātsī, nshì.', '', '', '', ''),
(162, 104, 'barrer le passage, faire obstruction, empêcher', '', '', 'le «t» se lie avec douceur, au point de ne pas se faire ressentir.', '', ''),
(163, 105, 'le poison.', '', '', '', '', ''),
(164, 105, '(cɔ̀ɔ̀nə̀ə̀) la civette', 'cɔ̀ɔ̀.', '', '', '', ''),
(165, 106, 'poison', '', '', '', '', ''),
(166, 106, '(verbe ncɔ́ɔ́) empoisonner.', '', '', '', '', ''),
(167, 106, 'mettre un interdit dangereux pour signifier une interdiction, une protection.', '', '', '', '', ''),
(168, 106, 'cɔ̀ɔ̀, cɔ̀ɔ̀nə̀ə̀ : la civette; df( on écrit aussi )df nf( cɔ̀. )nf', '', '', '', '', ''),
(169, 107, 'la civette; ainsi appelé à cause de la couleur tacheté de son pelage; df( on écrit aussi )df nf( cɔ̀nə̀ə̀; )nf', 'ncɔ̌ncɔ̀.', '', '', '', ''),
(170, 108, 'la civette; ainsi appelé à cause de la couleur tacheté de son pelage', 'ncɔ̌ncɔ̀.', '', '', '', ''),
(171, 109, 'la civette; df( ainsi appelé à cause de la couleur tacheté de son pelage; on écrit aussi )df nf( cɔ̀ɔ̀nə̀ə̀; )nf', 'ncɔ̌ncɔ̀.', '', '', '', ''),
(172, 110, 'nouvelle', '', '', '', '', ''),
(173, 110, 'conversation', '', '', '', '', ''),
(174, 110, 'histoire, conte', '', '', '', '', ''),
(175, 110, '(verbe ncə́'') prélever une petite quantité', '', '', '', '', ''),
(176, 110, 'ncə́''nkàp : griffer.', '', '', '', '', ''),
(177, 111, 'fornication.', '', '', '', '', ''),
(178, 111, '(impératif du verbe ncə̄'') faire l''amour, faire l''acte sexuelle.', '', '', '', '', ''),
(179, 111, 'vol, cambriolage', '', '', '', '', ''),
(180, 112, 'midi', '', 'njɑ̌hnàm, njə̌hnàb.', '', '', ''),
(181, 113, 'rappel de qqch ou d''un évènement', '', '', '', '', ''),
(182, 114, 'rappeler, se rappeler, se souvenir de, penser à', 'cōmsī.', '', '', '', ''),
(183, 115, 'anniversaire de naissance ou anniversaire de la création d''une structure', 'cə̄bsì, líé''cōmsì.', '', '', '', ''),
(184, 116, '(verbe ncə́ə́) être têtue, insoumis, rebelle.', '', '', '', '', ''),
(185, 116, 'désobéissance, insoumission, indocilité.', '', '', '', '', ''),
(186, 117, 'déplorer, se lamenter', '', '', '', '', ''),
(187, 117, 'regretter', '', '', '', '', ''),
(188, 118, 'clémence, indulgence, magnanimité, mansuétude, compassion, commisération, pitié.', '', '', '', '', ''),
(189, 118, 'pardon', 'ncə̄ə̄nzèn', 'lə̀hsì.', '', '', ''),
(190, 119, 'avoir pitié, être clément, magnanime, miséricordieux, indulgent', 'cə́ə́nzèn.', '', '', '', ''),
(191, 120, 'actualité, nouveauté', 'cə̀'', fī.', '', '', '', ''),
(192, 121, 'appeler, interpeller', '', '', '', '', ''),
(193, 121, 'nommer', '', '', '', '', ''),
(194, 121, 'inviter, convoquer', '', '', '', '', ''),
(195, 121, '(nom d''action) un appel', '', '', '', '', ''),
(196, 121, 'une épellation', '', '', '', '', ''),
(197, 122, 'la lecture.', '', '', '', '', ''),
(198, 122, 'l''épellation.', '', '', '', '', ''),
(199, 123, 'stérile en parlant des personnes', '', '', '', '', ''),
(200, 124, 'pousser, bousculer', '', '', '', '', ''),
(201, 124, 'gémir', '', 'nshwíí.', '', '', ''),
(202, 124, 'cueillir les feuilles de la tige sur laquelle elles sont liées', '', '', 'ne pas confondre nf( ncēn )nf df( avec )df nf( nkɑ̄ɑ̄ )nf df( qui signifie )df trad( cueillir.)trad', '', ''),
(203, 125, 'grosse bûche qui conserve le feu de bois', '', 'kǎmcēnɑ̄, kǎmkòm.', '', '', ''),
(204, 126, 'haricots grossièrement écrasés et mal dépulpés.', '', '', '', '', ''),
(205, 127, 'pousser, bousculer', '', '', '', '', ''),
(206, 127, 'gémir incessamment.', '', '', '', '', ''),
(207, 127, 'étouffer', '', '', '', '', ''),
(208, 128, 'miséricorde, pitié, compassion, commisération, miséricorde, indulgence.', '', '', '', '', ''),
(209, 129, 'envoyer, expédier', '', '', '', '', ''),
(210, 129, 'accompagner', '', '', '', '', ''),
(211, 130, 'la tortue.', '', '', '', '', ''),
(212, 131, 'brindille, brin.', '', '', '', '', ''),
(213, 132, 'milieu', 'càh.', '', '', '', ''),
(214, 133, 'genre de petites fourmis dangereuses vivant en colonie sur les feuilles et dans les troncs d''arbres', '', 'nkātlɑ̄, cícātlɑ̄.', '', '', ''),
(215, 134, 'genre de petites fourmis dangereuses vivant en colonie sur les feuilles et dans les troncs d''arbres', '', 'nkātlɑ̄.', '', '', ''),
(216, 135, 'stérile en parlant des personnes', '', 'cên, ncēn.', '', '', ''),
(217, 136, 'sorte de fruit à pépins, de la famille des jujubes africains.', '', '', '', '', ''),
(218, 137, 's''il te plait, s''il vous plait, je t''en prie, je vous en prie.', '', '', '', '', ''),
(219, 138, 'éclore', '', '', '', '', ''),
(220, 139, 'dénouer, détacher, expliquer.', '', '', '', '', ''),
(221, 140, 'clôture, barrière', 'shìì.', '', '', '', ''),
(222, 141, 'nourrir, alimenter, sustenter', '', '', '', '', ''),
(223, 141, 'adopter, élever qqn', 'shīī.', '', '', '', ''),
(224, 142, 'tortue', 'shīmɑ̄nkò''.', '', '', '', ''),
(225, 143, 'opulence, bombance', '', '', '', '', ''),
(226, 144, 'peut-être?', '', '', '', '', ''),
(227, 145, 'jusqu''à', '', '', '', '', ''),
(228, 145, '(alternatif, dubitatif) peut-être', '', '', '', '', ''),
(229, 145, 'touffe de plumes au-dessus de la tête de certains oiseaux.', '', '', '', '', ''),
(230, 145, 'touffe de cheveux qu''on laisse sur la tête de quelqu''un après l''avoir rasé.', '', '', '', '', ''),
(231, 145, 'le sommet, la cime; tout ce qui est saillant', '', '', '', '', ''),
(232, 145, 'la crête du coq', 'ncò''.', '', '', '', ''),
(233, 146, 'tout ce qui sert à ouvrir', '', '', '', '', ''),
(234, 146, 'les clés', '', 'cô''ndʉ̄ɑ̄, kòhndʉ̄ɑ̄.', '', '', ''),
(235, 146, 'ouverture.', '', '', '', '', ''),
(236, 146, 'arrachage.', '', '', '', '', ''),
(237, 147, 'entrer, pénétrer.', '', '', '', '', ''),
(238, 147, 'arriver à destination, parvenir à un lieu.', '', '', '', '', ''),
(239, 147, 'couter.', '', '', '', '', ''),
(240, 147, 'toucher quelqu''un, affecter spirituellement.', '', '', '', '', ''),
(241, 147, 'tomber.', '', '', '', '', ''),
(242, 147, 'échouer.', '', '', '', '', ''),
(243, 147, 'être profond', '', '', '', '', ''),
(244, 148, 'arracher, déterrer', '', '', '', '', ''),
(245, 148, 'ouvrir', '', '', '', '', ''),
(246, 148, 'enlever, ôter', '', '', '', '', ''),
(247, 148, 'élire', '', '', '', '', ''),
(248, 148, 'rétribuer, payer', '', '', '', '', ''),
(249, 148, 'l''élection, la nomination.', '', '', '', '', ''),
(250, 148, 'l''arrachage', 'cô''.', '', '', '', ''),
(251, 148, 'diarrhée', '', 'cù, cùcù.', '', '', ''),
(252, 149, 'impôt, patente, taxe, tribut, imposition, fisc', 'cǒpngə̀'', cǒpngwè''.', '', '', '', ''),
(253, 149, 'contribution, quête, collecte, cotisation, quote-part, apport, quotité.', '', '', '', '', ''),
(254, 150, 'la clé', '', 'cô''ndʉ̄ɑ̄.', '', '', ''),
(255, 150, 'le code de décryptage, le mot de passe', 'njā''wūtōh.', '', '', '', ''),
(256, 151, 'minutieusement, avec soin', '', '', '', '', ''),
(257, 151, 'se dit des féculents tels que l''igname qui ne peuvent plus cuire à point, et durcissent, malgré la longueur de cuisson', '', '', '', '', ''),
(258, 152, 'sévérité, intransigeance, intolérance.', '', '', '', '', ''),
(259, 152, 'acrimonie, aigreur', '', '', '', '', ''),
(260, 152, 'acidité', '', '', '', '', ''),
(261, 152, 'retard.', '', '', '', '', ''),
(262, 152, '(verbe ncōh) être stricte, être sévère, irascible.', '', '', '', '', ''),
(263, 152, 'être en retard.', '', '', '', '', ''),
(264, 152, 'être tranchant', '', '', '', '', ''),
(265, 153, 'être très acide, très aigre', '', '', '', '', ''),
(266, 154, 'minutieusement, avec soin', '', '', '', '', ''),
(267, 154, '(verbe ncóhsí) tenter qqn avec qqch, en lui montrant cette chose sans toutefois la lui donner, un supplice de Tantale (torture qui consiste à présenter à qqn la nourriture dont il a besoin, et à l''enlever au moment où il est près de se servir)', '', '', '', '', ''),
(268, 155, 'irascibilité, colère, courroux, irritation, aigreur, emportement, exaspération', '', 'yá''nthʉ̄, yá''sàp.', '', '', ''),
(269, 156, 'être sévère, strict, irascible, colérique', '', '', '', '', ''),
(270, 156, 'picorer', '', '', '', '', ''),
(271, 156, 'faire mal, picoter', '', '', '', '', ''),
(272, 157, 'purger.', '', '', '', '', ''),
(273, 157, 'la poire à lavement.', '', '', '', '', ''),
(274, 158, 'les passereaux, les passeriformes en général, le moineau en particulier.', '', '', '', '', ''),
(275, 159, 'sorte de noix de palme très charnues.', '', '', '', '', ''),
(276, 159, 'palmiste frais et blanc, amande, coco.', '', '', '', '', ''),
(277, 160, 'salaire, paye, rétribution, rémunération, émolument, honoraires, prime', 'ndìì.', 'nkɑ̄ɑ̄mfɑ̀''', '', '', ''),
(278, 161, 'animal féroce du genre des singes.', '', '', '', '', ''),
(279, 162, 'rappel de qqch ou d''un évènement', '', '', '', '', ''),
(280, 163, 'se rappeler, se souvenir de, penser à', '', '', '', '', ''),
(281, 164, 'anniversaire de naissance, anniversaire de la création d''une structure', 'cōmsì, líé''cōmsì.', '', '', '', ''),
(282, 165, 'le décapsuleur, l''ouvre-bouteille, le tire-bouchon.', '', '', '', '', ''),
(283, 166, 'les clés', '', 'kòhndʉ̄ɑ̄.', '', '', ''),
(284, 167, 'la crête du coq', 'cò''.', '', '', '', ''),
(285, 168, 'récompense, cadeau que vous offrez à celui qui vous rend visite, pour compenser son énergie dépensée durant sa marche', 'có''mfɑ̀'', ndìì.', '', '', '', ''),
(286, 169, 'édenté', 'cǒ''sə̀'', cǒ''nsə̀''.', '', '', '', ''),
(287, 170, 'édenté', 'cǒ''sè'', cǒ''nsè''.', '', '', '', ''),
(288, 171, 'une chute d''eau, cascade', '', 'váá-vāā.', '', '', ''),
(289, 172, 'dessert, fruits qu''on mange à la fin d''un repas, bavaroise; df( litt., le salaire de la bouche; en effet, la bouche après avoir fournis un dur labeur, après avoir passé le temps à mâcher la nourriture qui va être ensuite avalée, mérite tout de même être récompensée par un adoucissant, par un dessert; )df', 'ncō'', ncō''mfɑ̀'', có''mfɑ̀''.', '', '', '', ''),
(290, 173, 'xénophile; df( litt., qui aime l’étranger; )df', '', '', '', 'mbèèngèn.', ''),
(291, 174, 's''entr''aimer, s''aimer mutuellement', 'nkwé''.', '', '', '', ''),
(292, 175, 'amour, charité.', '', '', '', '', ''),
(293, 176, 'colonne vertébrale', 'nkwé''nkwē''.', '', '', '', ''),
(294, 177, 'bosselé, raboteux, plein d''aspérités, caillouteux, pierreux, rocheux, rocailleux', '', '', '', '', ''),
(295, 178, 'raboteux, bosselé, plein d''aspérités', '', '', '', '', ''),
(296, 179, 'pénétrer, toucher au cœur', '', '', '', '', ''),
(297, 180, 'ville de Nkongsamba au Cameroun; df( litt., sept collines. )df', '', '', '', '', ''),
(298, 181, 'racler à plusieurs reprises.', '', '', '', '', ''),
(299, 182, 'la bagarre, la risée', '', '', '', '', ''),
(300, 182, '(forme nasalisée de kwɛ̀ɛ̀) le sexe de l''homme, le pénis.', '', '', '', '', ''),
(301, 183, 'aboyer, japper.', '', '', '', '', ''),
(302, 183, 'chapitrer, réprimander', '', 'njwáásí, njwέέsí.', '', '', ''),
(303, 184, 'préparer, cuisiner, cuire.', '', '', '', '', ''),
(304, 184, '(terme de laboratoire) examiner', 'ntóó, nkā''.', 'lə̄ə̄, ndə̄ə̄', '', '', ''),
(305, 184, 'stériliser', '', '', '', '', ''),
(306, 184, 'se maquiller, faire les soins de visage', '', 'lə̄ə̄, ndə̄ə̄.', '', '', ''),
(307, 184, 'comploter, manigancer, tramer.', '', '', '', '', ''),
(308, 185, 'épier, espionner', '', '', '', '', ''),
(309, 185, 'faire furtivement, à la dérobé', '', 'nnɑ̄''sī.', '', '', ''),
(310, 186, 'le laborantin', 'nnā'', nsì', 'ndə̂nsì;', 'ne pas confondre avec le nom propre nf( Nǎ''nsì. )nf', '', ''),
(311, 187, 'baisser, plier, ployer.', '', '', '', '', ''),
(312, 188, 'refuser d''offrir, être chiche, avare', '', 'ngʉ̄ɑ̄''.', '', '', ''),
(313, 189, 'nager, flotter', '', 'nnāhshì.', '', '', ''),
(314, 190, 'lancer.', '', '', '', '', ''),
(315, 190, 'nnɑ́h nshì : asperger.', '', '', '', '', ''),
(316, 190, 'agiter', 'nɑ̀h, nnə́h.', '', '', '', ''),
(317, 191, 'mettre, placer dans qqch', '', 'njɑ̄ɑ̄.', '', '', ''),
(318, 192, 'salir, entacher, maculer', '', 'mbī'', nsū''sī.', '', '', ''),
(319, 193, 'nager, flotter, surnager', '', 'nnāh.', '', '', ''),
(320, 194, 'asperger', 'nnɑ́h, nnə́h.', '', '', '', ''),
(321, 195, 'arroser, irriguer, bassiner', 'nnɑ̄h', 'mfátnshì, nsé''nshì, nsə́''nshì.', '', '', ''),
(322, 196, 'empocher, gainer, engainer, rengainer; df( litt., mettre en poche; )df', 'pʉ̀ɑ̀.', '', '', '', ''),
(323, 197, 'nager.', '', '', '', '', ''),
(324, 198, 'inhumer, entomber, enterrer', '', 'ntōk, ndó'', njɑ̄ɑ̄ sīē.', '', '', ''),
(325, 199, 'pimenter', 'sōh.', '', '', '', ''),
(326, 200, 'emprisonner, incarcérer, séquestrer, écrouer', '', 'nzhʉ̄ɑ̄''.', '', '', ''),
(327, 201, 'marcher, circuler, cheminer, parcourir', '', 'nnīī', '', '', ''),
(328, 201, 'réussir, prospérer, fonctionner correctement', '', 'ngénmbhì.', '', '', ''),
(329, 201, '(nàk) danser', '', 'nnáknshì.', '', '', ''),
(330, 202, 'laisser, lâcher, relâcher', '', 'nshīē''', '', '', ''),
(331, 202, 'abandonner, se dessaisir', '', 'nnʉ́ɑ́.', '', '', ''),
(332, 202, 'concéder, condescendre, consentir', '', 'mbēn, mbēn nù.', '', '', ''),
(333, 202, 'affranchir, libérer.', '', '', '', '', ''),
(334, 202, 'céder', '', 'mbēntʉ̀ɑ̀''.', '', '', ''),
(335, 202, 'élever, faire l''élevage des animaux.', '', '', '', '', ''),
(336, 203, 'un homme cruel, un terroriste; df( litt., qui laisse la souffrance; )df', '', 'mbhìngʉ̄ɑ̄'', ntʉ̄ɑ̀ngʉ̄ɑ̄''.', '', '', ''),
(337, 204, 'affliger, attrister, chagriner, consterner, contrarier, décevoir', '', 'nhɑ̄ngʉ̄ɑ̄''.', '', '', ''),
(338, 204, 'terroriser', '', 'mbhíngʉ̄ɑ̄''.', '', '', ''),
(339, 205, 'marcher en rang, défiler', '', 'ntōh nkà''.', '', '', ''),
(340, 206, 'danser', '', 'nzēnshì.', '', '', ''),
(341, 207, 'danseur', 'nnáknshì.', 'nzênshì', '', '', ''),
(342, 208, 'apiculteur; df( litt., qui élève le miel; )df', 'ntāhŋwɑ̄'', ŋwɑ̄''.', '', '', '', ''),
(343, 209, 'piétiner à plusieurs reprises', '', 'ncā''sī.', '', '', ''),
(344, 210, 'desserrer, lâcher, relaxer, relâcher progressivement', '', 'nshīē''sī.', '', '', ''),
(345, 211, 'baisser, plier, ployer.', '', '', '', '', ''),
(346, 212, '', 'nnāb.', '', '', '', ''),
(347, 213, 'se boursoufler, s''enfler, former une gallérie (fausse teigne amiantacée); former des cloques, se contusionner', '', 'mvíópsí, mvápsí.', '', '', ''),
(348, 214, 'épier, espionner.', '', '', '', '', ''),
(349, 214, 'faire furtivement, à la dérobé', 'nnɑ̄''.', '', '', '', ''),
(350, 215, 'coucher, se coucher', '', '', '', '', ''),
(351, 215, 'copuler, faire l''amour', '', 'ncwē'', ncə̄'', ndīē.', '', '', ''),
(352, 216, 'geler, congeler, se coaguler, se solidifier', '', 'ngɑ́'', nŋām, nŋāp.', '', '', ''),
(353, 217, 'sucer.', '', '', '', '', ''),
(354, 217, 'téter', '', '', '', '', ''),
(355, 217, 'allaiter', '', 'nhɑ̄ pēn.', '', '', ''),
(356, 218, 'coucher, se coucher', '', '', '', '', ''),
(357, 218, 'copuler, faire l''amour', '', 'ncwē'', ncə̄'', ndīē.', '', '', ''),
(358, 219, 'sucer.', '', '', '', '', ''),
(359, 219, 'téter', '', '', '', '', ''),
(360, 219, 'allaiter', '', 'nhɑ̄ pēn.', '', '', ''),
(361, 220, 'pourchasser, suivre, poursuivre, chasser', '', 'nzí, ntāmnjàm, ntābnjàb.', '', '', ''),
(362, 220, 'harceler, acculer, oppresser, forcer, contraindre, astreindre, enjoindre', '', 'nhīāsī, nkwāt.', '', '', ''),
(363, 220, 'avoir l''habitude; généralement, ordinairement, habituellement', '', 'ngʉ́.', '', '', ''),
(364, 221, 'accélérer, se hâter, s''empresser.', '', '', '', '', ''),
(365, 221, 'harceler, presser, brusquer.', '', '', '', '', ''),
(366, 221, 'imminent, pressant, urgent', '', 'mbhʉ́sí, mfɑ̄''sī.', '', '', ''),
(367, 222, 'harceler, pourchasser, suivre, poursuivre, chasser', 'nnēē.', '', '', '', ''),
(368, 223, 'semer à la volée, lancer la main pour répandre qqch', '', 'mmɑ́''.', '', '', ''),
(369, 223, 'nnə́h nshì : asperger.', '', '', '', '', ''),
(370, 223, 'menacer, effrayer qqn en branlant qqch vers lui, tout en retenant cette chose', '', '', '', '', ''),
(371, 223, 'affronter', '', '', '', '', ''),
(372, 224, 'mettre', 'túfhù', 'njɑ̄ɑ̄.', '', '', ''),
(373, 225, 'salir, entacher, maculer', '', 'mbī'', nsū''sī.', '', '', ''),
(374, 226, 'asperger.', '', '', '', '', ''),
(375, 227, 'arroser, irriguer, bassiner', '', 'mfátnshì, nsé''nshì, nsə́''nshì.', '', '', ''),
(376, 228, 'empocher, gainer, engainer, rengainer; df( litt., mettre en poche. )df', '', '', '', '', ''),
(377, 229, 'se hâter, s''empresser, se précipiter', '', 'mbhʉ́sí, mfɑ̄''sī.', '', '', ''),
(378, 229, 'harceler, presser, brusquer', 'nnēh, nnēēsī', 'nhīāsī.', '', '', ''),
(379, 230, 'enterrer.', '', '', '', '', ''),
(380, 230, 'inhumer, entomber', '', 'ntōk, ndó'', njɑ̄ɑ̄ sīē.', '', '', ''),
(381, 231, 'pimenter', 'sōh.', '', '', '', ''),
(382, 232, 'emprisonner, incarcérer, séquestrer, écrouer', '', 'nzhʉ̄ɑ̄''.', '', '', ''),
(383, 233, 'allaiter; df( litt., donner le lait à un enfant ou à son petit, en parlant des animaux; )df', '', 'nhɑ̄ pēn.', '', '', ''),
(384, 234, 'allaiter; df( litt., donner le lait à un enfant ou à son petit, en parlant des animaux; )df', '', 'nhɑ̄ pēn.', '', '', ''),
(385, 235, 'durcir, se coaguler', '', 'ntá'', ngɑ́'', nkwātsī.', '', '', ''),
(386, 236, 'brimer, frustrer', '', 'nnī'' wèn.', '', '', ''),
(387, 237, 'brimer, frustrer', '', 'nnī'' wèn.', '', '', ''),
(388, 238, 'téter', 'pēn.', '', '', '', ''),
(389, 239, 'téter', 'pēn.', '', '', '', ''),
(390, 240, 'se coucher, gésir; df( litt., se coucher par terre. )df', '', '', '', '', ''),
(391, 241, 'se coucher, gésir; df( litt., se coucher par terre.)df', '', '', '', '', ''),
(392, 242, 'nager', '', '', '', '', ''),
(393, 243, 'nager, flotter, surnager.', '', '', '', '', ''),
(394, 244, 'nager.', '', '', '', '', ''),
(395, 245, 'déféquer, crotter, faire les selles, chier.', '', '', '', '', ''),
(396, 246, 'déchirer', '', 'nshí'', ncwēē, nhɑ́ɑ́.', '', '', ''),
(397, 247, 'renverser en secouant', '', '', '', '', ''),
(398, 247, 'léser, frustrer, brimer', '', 'nsū''sī wèn.', '', '', ''),
(399, 248, 'tendre, présenter qqch à qqn, montrer', '', 'lɑ̀''sì', '', '', ''),
(400, 248, 'toiser qqn des yeux, regarder de haut, mépriser', '', '', '', '', ''),
(401, 248, 'tromper', '', '', '', '', ''),
(402, 249, 'fabriquer, façonner, arranger, parer, manufacturer, usiner, modeler, former, construire, maçonner', '', 'mbōō.', '', '', ''),
(403, 249, 'configurer.', '', '', '', '', ''),
(404, 249, 'négocier', '', 'nníɑ́ɑ́sí.', '', '', ''),
(405, 249, 'dédommager, compenser', '', 'ndēhpīē, náh ntʉ̄ɑ̄.', '', '', ''),
(406, 250, 'fabricant, architecte, créateur, auteur, inventeur', '', 'mbôô, nkwât.', '', '', ''),
(407, 250, 'réparateur', '', '', '', '', ''),
(408, 251, 'pacificateur, conciliateur', '', 'ndɑ̀''ncà''.', '', '', ''),
(409, 252, 'cordonnier, savetier; df( litt., le réparateur de chaussure. )df', '', '', '', '', ''),
(410, 253, 'musicien; df( litt., l’arrangeur de musique; )df', '', 'mbû''nshì, njɔ̀nshì.', '', '', ''),
(411, 254, 'délibérer; df( litt., arranger, résoudre un problème; )df', '', 'ncwēēncà''.', '', '', ''),
(412, 255, 'réparer, arranger, dépanner', '', '', '', '', ''),
(413, 255, 'aménager, ménager.', '', '', '', '', ''),
(414, 255, 'décorer, édulcorer, embellir.', '', '', '', '', ''),
(415, 255, 'ajuster, accommoder, harmoniser.', '', '', '', '', ''),
(416, 255, 'améliorer, bonifier, abonnir, rabonnir, amender, réformer.', '', '', '', '', ''),
(417, 255, 'concilier, réconcilier, résoudre un problème', '', 'njɑ̄ɑ̄ mbūānì.', '', '', ''),
(418, 255, 'compenser', '', 'ndēhpīē.', '', '', ''),
(419, 255, 'préparer, se préparer, apprêter, s''apprêter', '', '', '', '', ''),
(420, 256, 'tendre, étendre', '', '', '', '', ''),
(421, 256, 'montrer', '', '', '', '', ''),
(422, 257, 'l''élastique.', '', '', '', '', ''),
(423, 258, 'presser pour essorer, pour égoutter ou pour extraire le suc', '', 'nzʉ́''.', '', '', ''),
(424, 259, 'presser pour essorer, pour égoutter ou pour extraire le suc', '', 'nzʉ́''.', '', '', ''),
(425, 260, 'presser, serrer', '', '', '', '', ''),
(426, 260, 's''efforcer', '', '', '', '', ''),
(427, 261, 'se hausser pour mieux voir.', '', '', '', '', ''),
(428, 261, 'être prétentieux, insolent.', '', '', '', '', ''),
(429, 262, 'l''élastique.', '', '', '', '', ''),
(430, 263, 'frais, humide, refroidi', '', 'nhwīē, nshwīē.', '', '', ''),
(431, 263, '(nníí wèn) déplaire, dégoûter, écœurer, répugner', '', 'mbɑ̄h wèn, mbə̄h wèn.', '', '', ''),
(432, 264, 'être lent, lambiner, faire lentement, retarder, traîner, tarder, ralentir', '', 'ndɑ̀''ndɑ̀''.', '', '', ''),
(433, 265, 'humide.', '', '', '', '', ''),
(434, 266, 'faire aller avec lenteur et précaution, faire furtivement', '', 'nnōōsī', '', '', ''),
(435, 266, 'espérer', '', 'mbʉ̄ɑ̄ɑ̄', '', '', ''),
(436, 267, 'somnoler, sommeiller', 'lōh.', 'nŋʉ̄''lōh', '', '', ''),
(437, 268, 'brisure.', '', '', '', '', ''),
(438, 269, 'émietter, effriter, émincer, égruger', '', 'ngó''sí, ncátsí.', '', '', ''),
(439, 269, 'râper', '', 'nkhú, ngó''sí.', '', '', ''),
(440, 269, 'déchiqueter, lacérer, dilacérer', '', 'nshí''sí, ncwēēsī, nshū''sī, nhɑ́ɑ́sí.', '', '', ''),
(441, 270, 'appuyer, presser, épreindre, compresser, comprimer', '', 'nzʉ́'', nnīātlɑ̄.', '', '', ''),
(442, 270, '(néologisme) cliquer', '', '', '', '', ''),
(443, 271, 'traire le lait; df( litt., appuyer les seins. )df', '', '', '', '', ''),
(444, 272, 'cligner, clignoter les yeux.', '', '', '', '', ''),
(445, 272, '(sens figuré) se moquer de qqn', '', '', '', '', ''),
(446, 273, 'cligner, clignoter les yeux.', '', '', '', '', ''),
(447, 273, '(sens figuré) se moquer de qqn', '', '', '', '', ''),
(448, 274, 'étrangler, stranguler, juguler.', '', '', '', '', ''),
(449, 275, 'agir avec nonchalance, être lent, lambiner.', '', '', '', '', ''),
(450, 275, 'faire qqch à la dérobé, furtivement', '', 'nnōōsī, ndɑ̀''ndɑ̀''.', '', '', ''),
(451, 276, 'faire qqch à la dérobé, furtivement', '', 'ndɑ̀''ndɑ̀''.', '', '', ''),
(452, 277, 'tâter, palper, peloter', '', 'mmóósí.', '', '', ''),
(453, 278, 'cligner, clignoter les yeux', '', 'nnó''nə̄h.', '', '', ''),
(454, 279, 'cligner, clignoter les yeux', '', 'nnó''nə̄h.', '', '', ''),
(455, 280, 'étrangler, stranguler, juguler', '', 'nnó''ntə̄''.', '', '', ''),
(456, 281, 'immerger, inonder, submerger, imbiber, plonger dans un liquide, tremper, mouiller, délayer', '', 'ndát.', '', '', ''),
(457, 281, 'pétrir', 'ngūɑ̄.', '', '', '', ''),
(458, 282, 'litt., qui aspire, qui absorbe, qui boit', '', 'ntêhndhímōh.', '', '', ''),
(459, 283, 'boire', 'nkók.', 'mbūāsī mbìè', '', '', ''),
(460, 283, 'absorber', '', '', '', '', ''),
(461, 283, 'nnū ngùh : passer des épreuves d''ordalies, témoigner.', '', '', '', '', ''),
(462, 284, 'balancer', '', 'nshʉ́''sí.', '', '', ''),
(463, 285, 'se gâter en fondant, en se mêlant.', '', '', '', '', ''),
(464, 286, 'laisser, abandonner.', '', '', '', '', ''),
(465, 286, 'confier', '', 'nhɑ̄, nnāk.', '', '', ''),
(466, 286, 'faire abnégation, léguer, donner', '', 'nhɑ̄, ngwɑ̄''.', '', '', ''),
(467, 287, 'enfler, boursoufler, gonfler, grossir, bomber, tuméfier, s''épaissir', '', 'ngū''.', '', '', ''),
(468, 287, 'se dilater', '', 'ndʉ̄ɑ̄, nshwí'' nthī.', '', '', ''),
(469, 288, 'réparer, arranger', '', '', '', '', ''),
(470, 288, 'fabriquer', '', '', '', '', ''),
(471, 288, 'embellir, orner', '', 'nkēē; df( on dit aussi )df nf( ngʉ́ pí njɑ̀'' : faire avec art.)nf', '', '', ''),
(472, 289, 'fabricant, architecte, créateur, auteur, inventeur', '', 'mbôô, nkwât.', '', '', ''),
(473, 289, 'réparateur', '', '', '', '', ''),
(474, 290, 'le cordonnier, le savetier; df( litt., le réparateur de chaussure. )df', '', '', '', '', ''),
(475, 291, 'réparer, arranger', '', '', '', '', ''),
(476, 291, 'fabriquer', '', '', '', '', ''),
(477, 291, 'embellir, orner', '', 'nkēē; df( on dit aussi )df nf( ngʉ́ pí njɑ̀'' : faire avec art. )nf', '', '', ''),
(478, 292, 'boulanger', 'tòòndāk.', '', '', '', ''),
(479, 293, 'se gâter en fondant, en se mêlant.', '', '', '', '', ''),
(480, 294, 'fumeur', '', 'ntêhndhímōh.', '', '', ''),
(481, 295, 'immerger, inonder, submerger, imbiber; plonger dans un liquide, tremper, mouiller, délayer.', '', '', '', '', ''),
(482, 295, 'baptiser', '', 'nhɑ̄nshì, nhɑ̄zēn.', '', '', ''),
(483, 295, 'noyer, se noyer', '', '', '', '', ''),
(484, 296, 'corrompre, suborner, stipendier', '', 'njwēn nthʉ̄ wèn.', '', '', ''),
(485, 297, 'chatouiller', '', 'nŋá''sí.', '', '', ''),
(486, 297, 's''amaigrir.', '', '', '', '', ''),
(487, 297, '(adj.) être mince, maigre.', '', '', '', '', ''),
(488, 297, 'racler, râteler, enlever les impuretés d''une chose', '', '', '', '', ''),
(489, 297, 'accumuler en un tas creux.', '', '', '', '', ''),
(490, 298, 'porter', 'nkɑ́''sí.', '', '', '', ''),
(491, 298, 'contracter une maladie, contracter une dette', 'nŋwā''.', '', '', '', ''),
(492, 299, 'essayer, s''efforcer, s''évertuer', 'nŋáh', 'ntá'', nkáálɑ́.', '', '', ''),
(493, 300, 'être courbé, plié, entortillé, sinueux', '', '', '', '', ''),
(494, 300, 'contourner.', '', '', '', '', ''),
(495, 300, 'encercler', '', '', '', '', ''),
(496, 301, 'visqueux, collant, qui adhère.', '', '', '', '', ''),
(497, 302, 'effort', '', 'ŋàà.', '', '', ''),
(498, 303, 'être courbé, plié, entortillé, sinueux, serpenté, ondoyé', '', '', '', 'nkɑ̀ndàk.', ''),
(499, 303, 'contourner.', '', '', '', '', ''),
(500, 303, 'encercler', '', '', '', '', ''),
(501, 304, 's''efforcer, s''évertuer', '', 'ntá'', nkáálɑ́', '', '', ''),
(502, 305, 'celui qui s''efforce, qui persévère; courageux, entrepreneur', 'nŋáh.', '', '', '', ''),
(503, 306, 'geler, congeler, se coaguler', '', 'ngɑ́'', nnē.', '', '', ''),
(504, 307, 'remercier, féliciter, glorifier', '', 'ngāpsī.', '', '', ''),
(505, 308, 'un vantard, un prétentieux; df( litt., qui hisse, qui soulève son corps; )df', 'nŋɑ̄''.', 'nkô''nā, nŋɑ̂''nkòò', '', '', ''),
(506, 309, 'se vanter, être orgueilleux', '', 'nkɑ́''sí, ntúá, mfīāt, nŋɑ̄''nkòò, nkō''nā.', '', '', ''),
(507, 310, 'vantard, prétentieux; df( litt., qui soulève le dos; )df', 'nŋɑ̄''', 'nkô''nā, nŋɑ̂''nā', '', '', ''),
(508, 311, 'se vanter; df( litt., soulever le dos; )df', '', 'nŋɑ̄''nā, nkō''nā, nkɑ́''sí, ntúá, mfīāt.', '', '', ''),
(509, 312, 'chicard', 'ntèndʉ̄ɑ̄.', '', '', '', ''),
(510, 313, 'geler, congeler, se coaguler', '', 'ngɑ́'', nnē.', '', '', ''),
(511, 314, 'chatouiller.', '', '', '', '', ''),
(512, 315, 'fermer, enfermer', '', '', '', '', ''),
(513, 316, 'fermer, enfermer', '', '', '', '', ''),
(514, 317, 'serrer, renfermer, resserrer, fermer', '', 'nŋə̄b, nŋə̄bsī, nŋōm, nŋōmsī.', '', '', ''),
(515, 318, 'serrer, renfermer, resserrer, fermer.', '', '', '', '', ''),
(516, 319, 'fermer, enfermer', '', '', '', '', ''),
(517, 320, 'fermer, enfermer', '', '', '', '', ''),
(518, 321, 'chicard', 'ntèndʉ̄ɑ̄.', '', '', '', ''),
(519, 322, 'plier, vouter, courber, cambrer, tordre', 'mbēh, ntāk.', '', '', '', ''),
(520, 323, 'fermer, enfermer', '', '', '', '', ''),
(521, 324, 'fermer, enfermer.', '', '', '', '', ''),
(522, 325, 'refermer le poing; df(. Litt., replier la main; )df', 'nŋō'', ŋó''pō.', '', '', '', ''),
(523, 326, 'plier plusieurs fois, enrouler.', '', '', '', '', ''),
(524, 326, 'froncer, rider, plisser, froisser, chiffonner', '', 'nŋū''sī.', '', '', ''),
(525, 327, 'plisser, froisser', '', 'mfhʉ́sí, fhʉ̀sì.', '', '', ''),
(526, 327, 'se rétrécir, retrousser', '', 'nkə̄ə̄sī.', '', '', ''),
(527, 327, 'se recroqueviller', '', '', '', '', ''),
(528, 327, 'être timide', '', '', '', '', ''),
(529, 328, 'résister, opposer par la force, braver', '', 'nzhʉ́'', nzhʉ́''ntèn.', '', '', ''),
(530, 329, 'somnoler, sommeiller', '', 'nnī''lōh.', '', '', ''),
(531, 330, 'plisser, froisser, renfrogner', '', 'mfhʉ́sí, fhʉ̀sì.', '', '', ''),
(532, 330, 'se rétrécir, retrousser', '', 'nkə̄ə̄sī.', '', '', ''),
(533, 330, 'se recroqueviller', '', '', '', '', ''),
(534, 330, 'être timide', '', '', '', '', ''),
(535, 331, 'pleuvoir légèrement, bruiner', 'ŋwá'' : débris, détritus.', 'mvhʉ́sí', '', '', ''),
(536, 332, 'être léger, être jovial, être gai', '', '', '', '', ''),
(537, 332, 'se réjouir', '', '', '', '', ''),
(538, 332, '(utilisé ironiquement) tant pis', '', '', '', '', ''),
(539, 332, 'être distant', '', '', '', '', ''),
(540, 333, 'écrire', '', 'ntíé.', '', '', ''),
(541, 334, 'ramasser, puiser', '', '', '', '', ''),
(542, 335, 'apparaitre, se produire tout à coup; parvenir subitement à un lieu, survenir', '', '', '', '', ''),
(543, 336, 'pleuvoir légèrement, bruiner', 'ŋwá'' : débris, détritus.', 'mvhʉ́sí', '', '', ''),
(544, 337, 'être léger, content, jovial, gai, sémillant, affable, amène, accueillant', '', '', '', '', ''),
(545, 337, 'ambiancer, amuser, divertir les gens, les faire rire', '', 'ngʉ́nǔzhwìè.', '', '', ''),
(546, 338, 'être mauvais au goût, avoir un goût de sève', '', '', '', '', ''),
(547, 338, 'désigne la personne concernée, l''intéressé, le propriétaire; df( on dit généralement )df nf( ngà''nŋwāt. )nf', '', '', '', '', ''),
(548, 339, 'être mauvais au goût, avoir un goût de sève', '', '', '', '', ''),
(549, 340, 'garde de la chefferie et du chef, protecteur du royaume; le plus haut dignitaire des serviteurs du roi; sorte de ministre policier', '', '', '', '', ''),
(550, 340, 'policier', 'mɑ̄njwè'', mɑ̄njə̀'', kû''ngà''.', '', '', '', ''),
(551, 341, '1 être vif, briller avec un éclat éblouissant, scintiller. 2 (forme nasalisée de ŋwēē) village Banwa, dans le département du Haut-Nkam, Ouest Cameroun.', '', '', '', '', ''),
(552, 342, 'être vif, briller avec un éclat éblouissant, scintiller.', '', '', '', '', ''),
(553, 343, 's''efforcer, s''évertuer', 'nŋáh.', 'ntá'', nkáálɑ́', '', '', ''),
(554, 344, 'ton, ta; df( utilisé généralement après les noms se terminant par )df nf( ee, ii, oo; )nf', '', 'lò, lō.', '', '', ''),
(555, 345, 'la chefferie, la cour royale.', '', '', '', '', ''),
(556, 345, '(néologisme) la capitale d’un pays, d’une province ou d’une région.', '', '', '', '', ''),
(557, 345, 'quantitatif pour certaines choses telles que la banane, les noix de palme, etc.', '', '', '', '', ''),
(558, 345, '(verbe nnó'') appuyer, presser', '', '', '', '', ''),
(559, 346, 'toi, te; df( utilisé généralement après les noms se terminant par )df nf( ee, ii, oo; )nf', 'nā.', '', '', '', ''),
(560, 347, 'le poil', '', 'ndhʉ̌nshù', '', '', ''),
(561, 347, 'le cheveu, les cheveux', '', '', '', '', ''),
(562, 348, 'les vibrisses; df( litt., les poils des narines. )df', '', '', '', '', ''),
(563, 349, 'le cil; df( litt., le poil de la paupière. )df', '', '', '', '', ''),
(564, 350, 'les cils; df( litt., les poils des paupières. )df', '', '', '', '', ''),
(565, 351, 'les cils; df( litt., les poils des paupières. )df', '', '', '', '', ''),
(566, 352, 'moustache; df( litt., les poils de la bouche; )df', 'nǒktěnshù : barbe.', 'ndhʉ̌nshù', '', '', ''),
(567, 353, 'la barbe; df( litt., les poils du menton; )df', '', 'ndhʉ̀.', '', '', ''),
(568, 354, 'les cheveux; df( litt., les poils de la tête; )df', '', '', '', '', ''),
(569, 355, 'plein de poils, velu, poilu.', '', '', '', '', ''),
(570, 356, 'agir avec nonchalance, être lent, lambiner.', '', '', '', '', ''),
(571, 356, 'faire qqch à la dérobé, furtivement', '', 'nnōōsī.', '', '', ''),
(572, 357, 'nonchalamment, lentement', '', '', '', '', ''),
(573, 358, 'faire qqch à la dérobé, furtivement', '', '', '', '', ''),
(574, 359, 'verser.', '', '', '', '', ''),
(575, 359, 'dévoiler un secret', '', '', '', '', ''),
(576, 359, 'surprendre, prendre qqn sur le fait, en flagrant délit', '', '', '', '', ''),
(577, 360, 'les étoiles, les astres, les lucioles, les vers luisants.', '', '', '', '', ''),
(578, 361, 'couscous de maïs', 'ghǒ''ngòfāt : farine de maïs.', '', '', '', ''),
(579, 362, 'venir, arriver', '', '', '', '', ''),
(580, 362, 'être élastique', '', 'nníáh, mfák.', '', '', ''),
(581, 362, 'arracher, extirper; ravir, prendre qqch par force, arracher', '', 'ncō''.', '', '', ''),
(582, 363, 'aiguilles.', '', '', '', '', ''),
(583, 363, 'seringues', '', '', '', '', ''),
(584, 364, 'commandant, chef, directeur, gouverneur, président', '', '', '', '', ''),
(585, 364, 'ordonnateur, donneur d''ordres.', '', '', '', '', ''),
(586, 365, 'tontine bamiléké', '', 'ntɑ̌'', ntɑ̄''.', '', '', ''),
(587, 366, 'tontine', '', 'ntɑ̌'', ntɑ̄''.', '', '', ''),
(588, 366, '(sɑ̄'') germer, sortir du sol en parlant des graines semées', '', 'mfə̄h, mfɑ̄h.', '', '', ''),
(589, 366, 'commander, présider, ordonner, gouverner, superviser', '', '', '', '', ''),
(590, 366, 'juger', '', '', '', '', ''),
(591, 366, 'causer, débattre d''un sujet', '', '', '', '', ''),
(592, 367, 'diviser, partager, prélever une part', '', 'ngɑ́ɑ́.', '', '', ''),
(593, 368, 'secouer.', '', '', '', '', ''),
(594, 368, 'balancer', '', 'nsām, nhām, nhāb.', '', '', ''),
(595, 369, 'secouer.', '', '', '', '', ''),
(596, 369, 'balancer', '', 'nhāmsī, nnʉ́''.', '', '', ''),
(597, 370, 'le préfet', 'fə̀mfhʉ́lɑ̄'', nsɑ̂'', nsɑ̂''mfhʉ́lɑ̄''.', '', '', '', ''),
(598, 371, 'être long, géant, élancé', '', '', '', '', ''),
(599, 371, 'éloigné, en parlant d''une distance', '', '', '', '', ''),
(600, 372, 'calculer, supputer, compter, énumérer, dénombrer, inventorier, recenser', '', '', '', '', ''),
(601, 372, 'causer, discuter, débattre un sujet', 'sáhnù.', '', '', '', ''),
(602, 373, 'moussé', '', '', '', 'ncōh : tranchant, aiguisé', ''),
(603, 373, 'désobéissant, indocile, têtu', '', 'ncə́ə́, nténtū, nshwītū.', '', '', ''),
(604, 374, 'être en retard, venir en retard, manquer, absenter qqch', '', 'ncōh.', '', '', ''),
(605, 374, 'durer, mettre long', '', '', '', '', ''),
(606, 375, '1financier, argentier, banquier, caissier, budgétaire, régisseur, comptable; df( litt., celui qui compte l''argent, celui qui traite des problèmes d''argent; )df', '', 'ndò''nkɑ̄ɑ̄.', '', '', ''),
(607, 376, 'converser, dialoguer, se concerter', '', 'ntʉ̄ɑ̄nshù, nsōknù.', '', '', ''),
(608, 376, 'passer une interview', 'tʉ́ɑ́nshù.', '', '', '', ''),
(609, 377, 'celui qui rentre tard chez lui, un noctambule', 'nsɑ̄h, nzɑ̄.', '', '', '', ''),
(610, 378, 'le comptable; df( litt., celui qui compte les choses.)df', '', '', '', '', ''),
(611, 379, 'crépir, cimenter, lisser, repasser', '', '', '', '', ''),
(612, 380, 'celui qui crépit', 'nsák.', '', '', '', ''),
(613, 381, 'trembler, grelotter, frissonner, frémir, trépider', '', 'nshʉ́'', nshʉ́''sí.', '', '', ''),
(614, 381, 'vibrer', '', '', '', '', ''),
(615, 381, '(plur. de sāk) les oiseaux.', '', '', '', '', ''),
(616, 382, 'le fer à repasser; df( litt., ce qui sert à repasser; )df', 'nsák, ndhī.', '', '', '', ''),
(617, 383, 'trembloter, grelotter, frémir, frissonner, trépider', '', '', '', '', ''),
(618, 383, 'vibrer', '', '', '', '', ''),
(619, 384, 'balancer', '', 'nhām, nshʉ́''.', '', '', ''),
(620, 385, 'le corossol.', '', '', '', '', ''),
(621, 386, 'le corossol.', '', '', '', '', ''),
(622, 387, 'télécommande', 'nsɑ̄'', mbǔ''nkèn.', '', '', '', ''),
(623, 388, 'le sous-préfet; df( litt., celui qui gouverne un arrondissement; )df', 'mfhʉ́lɑ̄'', nsɑ̄''.', '', '', '', ''),
(624, 389, 'se balancer sur une balançoire', 'ndʉ̄ʉ̄.', '', '', '', ''),
(625, 390, 'le tamis.', '', '', '', '', ''),
(626, 391, 'balancer.', '', '', '', '', ''),
(627, 392, 'le juge, l''arbitre, le médiateur, le conciliateur', 'nsɑ̄''.', 'ndɑ̀''ncà'', ncwēèncà’', '', '', ''),
(628, 392, 'l''avocat, le défenseur.', '', '', '', '', ''),
(629, 393, 'trancher une affaire, délibérer, réparer un problème, juger', 'nsɑ̂''ncà''.', 'ndɑ́''ncà''', '', '', ''),
(630, 394, 'chef d’une nation, leader, dirigeant.', '', '', '', '', ''),
(631, 394, 'président de la République.', '', '', '', '', ''),
(632, 395, 'chef d’une nation, leader, dirigeant d''un Etat souverain.', '', '', '', '', ''),
(633, 395, 'président de la République.', '', '', '', '', ''),
(634, 396, 'le lever du soleil; df( litt., la sortie du soleil; )df', 'ntōm.', '', '', '', ''),
(635, 396, 'l''Est, le Levant, l’Orient', '', '', '', 'mbīēnàm, mbīēnàb.', ''),
(636, 397, 'mondial', 'ntə́bntə̄b.', '', '', '', ''),
(637, 398, 'voleur; df( litt., celui qui perce la maison; )df', 'ntō, ndʉ̄ɑ̄.', 'ncə̄'', ncwē''', '', '', ''),
(638, 399, 'voler, dérober; df( litt., percer la maison; )df', 'ntôndʉ̄ɑ̄.', '', '', '', ''),
(639, 400, 'chatoyant, scintillant', '', '', '', '', ''),
(640, 401, 'sorte de jeux d''enfants consistant à arracher au partenaire, par surprise, ce qu''il tient en main', '', 'tǎmnsɑ̀'', nsɑ̌''nsɑ̀''.', '', '', ''),
(641, 401, 'être en rivalité avec une ou plusieurs personnes pour une même cible, se disputer; df( c''est une sorte de jeux de partage; pour commencer, le juge de la partie dit plusieurs fois : )df nf( ntǒ''ntò'' )nf df( et les candidats répondent chaque fois )df nf( ntò'' pʉ̂nkhʉ̄ɑ̄. )nf', '', '', '', '', ''),
(642, 401, '(néologisme) toute sorte de compétition, vote, élection', 'ntó''.', '', '', '', ''),
(643, 402, 'bruler, incendier, incinérer.', '', '', '', '', ''),
(644, 402, 'rôtir', '', '', '', '', '');
INSERT INTO `cita` (`idCita`, `idEntry`, `trans`, `cf`, `syn`, `anto`, `hom`, `NB`) VALUES
(645, 403, 'celui qui incendie', '', '', '', '', ''),
(646, 404, 'l''étai, le pieu, tout ce qui sert à soutenir', '', 'ngàh.', '', '', ''),
(647, 404, 'un sponsor, un mécène, celui qui aide à finaliser un projet.', '', '', '', '', ''),
(648, 404, 'soutenir, supporter, aider', '', 'ntōōsī.', '', '', ''),
(649, 405, 'vainqueur en guerre; df( litt., qui incendie un village; )df', 'lɑ̄'', ntòò', 'nshʉ̀ɑ̀ntèn.', '', '', ''),
(650, 406, 'crier pour alarmer d''un danger.', '', '', '', '', ''),
(651, 406, 'crier pour encourager, pour apprécier quelqu''un qui fait une bonne prestation', '', '', '', '', ''),
(652, 406, 'huer, conspuer, siffloter', '', '', '', '', ''),
(653, 407, 'la femme, l''épouse.', '', '', '', '', ''),
(654, 407, '(néologisme) petite-amie, fiancée.', '', '', '', '', ''),
(655, 408, 'colonne, pilier permettant de soutenir une maison.', '', '', '', '', ''),
(656, 408, 'soutenir une maison à l’aide d’un pieu', 'sákndʉ̄ɑ̄.', '', '', '', ''),
(657, 409, 'colonne, pilier permettant de soutenir une maison.', '', '', '', '', ''),
(658, 409, 'soutenir une maison à l’aide d’un pieu', 'sákpè''è.', '', '', '', ''),
(659, 410, 'adjoint, suppléant, assistant.', '', '', '', '', ''),
(660, 410, 'celui ou ce qui soutient, appui, pieu, parrain, tuteur, parraineur, sponsor', 'ntōōsī.', 'nzhììsì', '', '', ''),
(661, 411, 'soutenir, supporter, étayer, aider.', '', '', '', '', ''),
(662, 411, 'tenir avec précaution pour que ça ne se gâte pas, pour que ça ne se casse pas.', '', '', '', '', ''),
(663, 411, 'recommander quelqu''un auprès d''un employeur par exemple', 'ntōō.', '', '', '', ''),
(664, 412, 'l’oreiller', 'ntōō, tū', '', '', '', ''),
(665, 413, 'ce qui sert à percer, à faire un trou; perceuse, foreuse, chignole, foret, foreuse, perçoir, perforatrice, perforateur, drille, vrille, tarière', 'ntō.', 'ntômbōk, ndì''mbōk', '', '', ''),
(666, 414, 'trouble-fête; df( litt., celui qui cours après la mort; )df', 'wūɑ̄, ntò''.', '', '', '', ''),
(667, 414, '(Ntò''wūɑ̄) nom propre.', '', '', '', '', ''),
(668, 415, 'avoir la diarrhée, faire la diarrhée', 'cù, cùcù.', 'ntʉ́', '', '', ''),
(669, 416, 'les têtes, les crânes ancestraux qui sont vénérés dans une case spéciale appelée nf( ndʉ̄ɑ̄ntǔ : la maison des crânes. )nf', '', '', '', '', ''),
(670, 416, 'les boutures, les plants destinés à la reproduction', '', '', '', '', ''),
(671, 417, 'nom générique de tout genre de vases; calebasse, verre, bouteilles etc.', 'ntúntū''.', '', '', '', ''),
(672, 418, 'les têtes, les crânes ancestraux qui sont vénérés dans une case spéciale appelée nf( ndʉ̄ɑ̄ntū : la maison des crânes. )nf', '', '', '', '', ''),
(673, 418, 'les boutures, les plants destinés à la reproduction', '', '', '', '', ''),
(674, 419, 'puiser tout genre de liquide.', '', '', '', '', ''),
(675, 419, 'nom générique de tout genre de vases servant à contenir les liquides; calebasse, verre, bouteilles etc.', 'ntúntū''.', '', '', '', ''),
(676, 420, 'avoir la diarrhée, faire la diarrhée', '', 'ntú.', '', '', ''),
(677, 421, 'régime', 'sù.', '', '', '', ''),
(678, 422, 'quantitatif avec l''idée d''allongement', '', '', '', '', ''),
(679, 422, 'corvée, corvéable', '', 'mfɑ̀''sìkə̀''nkə́'', mfɑ̀''sìkwè''nkwé''(pidgin) njòkmāsīē.', '', '', ''),
(680, 422, 'une personne corvéable, qui est sujette à une corvée.', '', '', '', '', ''),
(681, 423, 'pilonner.', '', '', '', '', ''),
(682, 423, 'salir, souiller, salir, maculer, entacher', 'nsū''.', '', '', '', ''),
(683, 424, 'laisser ouvert, en parlant d''une porte ou de tout objet possédant un couvercle', 'ngʉ̄ɑ̄.', '', '', '', ''),
(684, 425, 'poser, déposer', '', '', '', '', ''),
(685, 425, 'créer, établir, inventer.', '', '', '', '', ''),
(686, 426, 'se vanter', '', 'nkɑ́''sí, mfīāt, nŋɑ̄''nā, nŋɑ̄''nkòò.', '', '', ''),
(687, 427, 'le capitale, le fonds de commerce.', '', '', '', '', ''),
(688, 427, '(agent du verbe ntúá, se vanter) qui fait le galant, qui fait la coquetterie, qui joue au séducteur; vantard.', '', '', '', '', ''),
(689, 428, 's''amuser, jouer, blaguer.', '', '', '', '', ''),
(690, 428, 'risquer', '', '', '', '', ''),
(691, 429, 'soumission, subordination, sujétion, dépendance.', '', '', '', '', ''),
(692, 429, 'vassal, vassalité', '', '', '', '', ''),
(693, 429, 'prisonnier de guerre, captif', '', 'nkǒmncò.', '', '', ''),
(694, 429, '(plur. de tʉ̀ɑ̀'') les amusements.', '', '', '', '', ''),
(695, 430, 'fondateur, créateur, auteur, initiateur, inventeur', '', 'mbɑ̄'', nhòò.', '', '', ''),
(696, 431, 'poser, déposer', '', '', '', '', ''),
(697, 431, 'créer, établir, inventer', '', '', '', '', ''),
(698, 431, 'décider, fixer comme un rendez-vous ou un accord', '', '', '', '', ''),
(699, 431, 'sortir, apparaitre, poindre, en parlant du soleil', '', '', '', '', ''),
(700, 431, 'mordre, en parlant de certains reptiles comme le serpent', '', '', '', '', ''),
(701, 431, 'piquer en parlant de certains insectes', '', '', '', '', ''),
(702, 431, 'piquer, bruler la langue, en parlant des aliments pimentés', 'tʉ̄ɑ̄.', '', '', '', ''),
(703, 431, 'ntʉ̄ɑ̄ nshù; deviser, causer, converser, s''entretenir', '', 'nsāhnù.', '', '', ''),
(704, 432, 'lutter, bagarrer, combattre, barouder, jouter, batailler, rivaliser', '', 'mmā''.', '', '', ''),
(705, 432, 'demander en rejoignant les deux mains, et généralement en se courbant; df( on dit généralement )df nf( ntʉ̄ɑ̄''mbō. )nf', '', '', '', '', ''),
(706, 433, 'bagarreur, lutteur', '', '', '', '', ''),
(707, 434, 'celui qui reçoit humblement qqch, qqn plein de gratitude; personne reconnaissant les biens ou les services qu''on lui rend', 'ntʉ̄ɑ̄''mbō.', '', '', '', ''),
(708, 435, 'recevoir quelque chose qu''on vous offre en joignant les deux mains', 'ntʉ̄ɑ̀’mbō.', '', '', '', ''),
(709, 436, 'celui qui laisse des orphelins en mourant; df( litt., celui qui dépose l’enfant.)df', '', '', '', '', ''),
(710, 437, 'tradition, us et coutumes, l''ensemble des lois d''une nation, la constitution; df( litt., les fondements d''un pays; )df', 'ntʉ̄ɑ̄', 'shʉ̀ɑ̀''ngə̀''.', '', '', ''),
(711, 438, 'un homme cruel, un terroriste; df( litt., qui dépose la souffrance; )df', '', 'mbhìngʉ̄ɑ̄'', nnâkngʉ̄ɑ̄''.', '', '', ''),
(712, 439, 'tradition, us et coutumes; df( litt., les fondements d''un pays; )df', 'ntʉ̄ɑ̄', 'shʉ̀ɑ̀''ngə̀''.', '', '', ''),
(713, 440, 'sorte d''herbes dont s''ornent les mɑ̄nì, les mères des jumeaux', '', 'ntítǐānì, ntǔɑ̄nì.', '', '', ''),
(714, 441, 'sorte d''herbes dont s''ornent les mɑ̄nì, les mères des jumeaux', 'ntǔānì.', 'ntítǐānì', '', '', ''),
(715, 442, 'contes, histoires, allégories.', '', '', '', '', ''),
(716, 443, 'atterrir, terrir; df( litt., poser les pied au sol; )df', '', '', '', 'mfūā, ndāk.', ''),
(717, 444, 'bagarrer, lutter, barouder, jouter', 'nkwàà.', 'ntʉ̄ɑ̄''', '', '', ''),
(718, 445, 'bagarrer, lutter, barouder, jouter', 'nkwɛ̀ɛ̀.', 'ntʉ̄ɑ̄''', '', '', ''),
(719, 446, 'deviser, causer, converser, dialoguer, se concerter, s''entretenir', '', 'nsāhnù, nsōknù.', '', '', ''),
(720, 446, 'passer une interview', 'tʉ́ɑ́nshù.', '', '', '', ''),
(721, 447, 'convoiter, s''attacher immodérément, être dépendant a quelque chose; df( litt., mettre le cœur. )df', '', '', '', '', ''),
(722, 448, 's’amuser, batifoler, jouer à la manière des enfants, folâtrer, s’ébattre; df( litt., jouer à plusieurs reprises; )df', '', '', '', '', ''),
(723, 449, 'un des huit jours de la semaine; df( vient immédiatement après )df nf( nzîsǒ, )nf df( et vient directement avant )df nf( nsū''ntāā, ntʉ̄''ntāā )nf df( ou )df nf( líé''ngā''; )nf', 'ngɑ̀ɑ̀.', '', '', '', ''),
(724, 450, 'avant, jadis, auparavant', '', 'mó''ntìè'', tɑ̄hmbhì.', '', '', ''),
(725, 450, 'premier, le meilleur.', '', '', '', '', ''),
(726, 451, 'mois de juillet; df( litt., premiers maïs; )df', 'ntūmbhì.', '', '', '', ''),
(727, 452, 'les doigts; df( litt., les têtes, les bouts des mains; )df df( son singulier est )df nf( tūpō : le doigt.)nf', '', '', '', '', ''),
(728, 453, 'asticot.', '', '', '', '', ''),
(729, 454, 'les orteils; df( son singulier est )df nf( túkhù : l''orteil; )nf', 'ntū, nkhù.', '', '', '', ''),
(730, 455, 'choux au taro.', '', '', '', '', ''),
(731, 456, 'un des huit jours de la semaine; df( vient immédiatement après )df nf( nsū''kwɑ̀, ntʉ̄''kwɑ̀, )nf df( et vient directement avant )df nf( líé''nkwè'' )nf df( ou )df nf( líé''nkə̀''; )nf', 'nsū''ntāā, ngɑ̀ɑ̀.', 'líé''ngā''', '', '', ''),
(732, 457, 'une corvée célèbre dont la durée était d''un an, destinée à construire le chemin de fer à partir d''Eseka; df( ça se faisait sous l''administration française; )df', '', '(pidgin) njòkmāsīē.', '', '', ''),
(733, 458, 'la boue.', '', '', '', '', ''),
(734, 459, 'la boue.', '', '', '', '', ''),
(735, 460, 'les cous', 'ntʉ̄tə̄''.', '', '', '', ''),
(736, 461, 'coupe, verre à boire', 'ntū''.', '', '', '', ''),
(737, 462, 'géant', 'ntʉ̀''.', 'sʉ̀sʉ̀ɑ̀', '', '', ''),
(738, 463, 's''efforcer', '', 'nŋáh, nkáálɑ́, ntá''.', '', '', ''),
(739, 464, 'les cous', 'ntʉ̄ntē''.', '', '', '', ''),
(740, 465, 'choux au taro.', '', '', '', '', ''),
(741, 466, 'qui débroussaille, le défricheur', 'ntʉ̄ʉ̄.', '', '', '', ''),
(742, 467, '(plur. de tʉ̄ʉ̄) palmiers à huile.', '', '', '', '', ''),
(743, 467, 'défricher, débroussailler, débrousser.', '', '', '', '', ''),
(744, 467, 'quelqu''un d''intime, de très proche, de familier; un confident, un affidé', '', 'kùɑ̀ncàk, ntʉ̄ʉ̄wèn.', '', '', ''),
(745, 468, 'ami intime, affidé', '', 'kùɑ̀ncàk.', '', '', ''),
(746, 469, 'chose', 'shʉ̀ɑ̀', '', '', '', ''),
(747, 469, 'affaire', 'ngʉ̄ɑ̄', '', '', '', ''),
(748, 469, 'problème, palabre, litige, dispute, scandale, tumulte, démêlé', '', 'ncà'', kàbɑ̀, kàmɑ̀.', '', '', ''),
(749, 470, 'malaxer, pétrir', '', '', '', '', ''),
(750, 470, 'noyer, tremper dans un liquide', '', 'ndát.', '', '', ''),
(751, 470, 'se noyer.', '', '', '', '', ''),
(752, 470, '(nom d''action) noyade, submersion', '', 'yɑ́''nshì.', '', '', ''),
(753, 471, 'le serpent', '', '', '', '', ''),
(754, 471, '(verbe nnū) boire', 'kòk.', '', '', '', ''),
(755, 471, 'sorte d''habit de danse.', '', '', '', '', ''),
(756, 472, 'secouer, balancer.', '', '', '', '', ''),
(757, 472, 'herbe à baïonnette, à épine', '', 'nʉ̀nʉ̀''.', '', '', ''),
(758, 473, 'se gâter en fondant, en se mêlant', 'nnúá.', '', '', '', ''),
(759, 474, 'le champ, la plantation', '', '', '', '', ''),
(760, 474, '(verbe nnʉ́ɑ́) laisser, abandonner, céder, concéder, faire abnégation.', '', '', '', '', ''),
(761, 475, 'gonfler, s''épaissir, s''enfler', '', 'lò.', '', '', ''),
(762, 475, '(nom d''action) gonflement, grossissement, œdème, boursouflure, hypertrophie, tuméfaction, turgescence, dilatation, enflure, inflation, turgescence', '', 'lò.', '', '', ''),
(763, 476, '(verbe nnʉ́ɑ́ɑ́) réparer, arranger', '', '', '', '', ''),
(764, 476, 'fabriquer', '', '', '', '', ''),
(765, 476, 'embellir, orner', 'ngʉ́ pí njɑ̀'' : faire avec artnìɑ̀ɑ̀, nníɑ́ɑ́', 'nkēē', '', '', ''),
(766, 476, '(nom d’action) fabrication', '', '', '', '', ''),
(767, 477, 'réparer, arranger', '', '', '', '', ''),
(768, 477, 'fabriquer', '', '', '', '', ''),
(769, 477, 'embellir, orner', 'ngʉ́ pí njɑ̀'' : faire avec artnníɑ́ɑ́sí, nìɑ̀ɑ̀sì.', 'nkēē', '', '', ''),
(770, 478, 'se gâter en fondant, en se mêlant', 'nnúá.', '', '', '', ''),
(771, 479, 'langue fè''éfé''è écrite; df( lorsque le fè''éfé''è devient académique, on l''appelle nùfī. )df', '', '', '', '', ''),
(772, 479, 'l''académie qui se charge de développer et pérenniser la langue fè''éfé''è.', '', '', '', '', ''),
(773, 480, 'pourquoi', '', '', '', '', ''),
(774, 481, 'affaires politiques, affaires du pays, du village', '', 'nǔngwè''.', '', '', ''),
(775, 482, 'les coutumes, les traditions ancestrales.', '', '', '', '', ''),
(776, 483, 'bienfait, charité, bienfaisance, générosité, philanthropie', '', '', '', 'nùsìpə̀''.', ''),
(777, 484, 'la religion, la piété, la spiritualité', 'mbōō.', 'nǔsīē', '', '', ''),
(778, 485, 'état d''orphelin', 'mēnsī, nù.', '', '', '', ''),
(779, 486, 'litige', '', 'ncà''.', '', '', ''),
(780, 487, 'justice, équité, honnêteté, droiture, sincérité', 'ndǎkndàk.', 'nùnkɑ̀ndàk', '', '', ''),
(781, 488, 'la vérité', 'nù.', 'ndéndēē', '', '', ''),
(782, 489, 'la vérité', 'nù.', 'ndíndēē', '', '', ''),
(783, 490, 'bêtise, ânerie, stupidité, sottise', 'nə̀ə̀, nù.', 'kìkénùnə̀ə̀nù', '', '', ''),
(784, 491, 'baratin, bluff, charlatanisme, forfanterie, mensonge', 'nù, nēhē.', 'cwàānù, fʉ̀ɑ̀sì, pìěsōk', '', '', ''),
(785, 492, 'la gestion du pays, la politique; df( litt., les affaires du pays; )df', 'ngə̀''.', '', '', '', ''),
(786, 493, 'la jactance, la vantardise, la fanfaronnade, la vanité', '', 'ngʉ̄ɑ̄.', '', '', ''),
(787, 494, 'affaires politiques, affaires du pays, du village', '', 'nǔlɑ̄''.', '', '', ''),
(788, 495, 'mets constitué de légume pétri dans de l''huile de palme', 'njɑ̀ɑ̀.', '', '', '', ''),
(789, 496, 'justice, équité, honnêteté, droiture, sincérité', '', 'nùndǎkndàk.', '', '', ''),
(790, 497, 'le naja, type de serpent', 'nū.', '', '', '', ''),
(791, 498, 'noyade.', '', '', '', '', ''),
(792, 498, 'le baptême', 'nù'', nshì.', '', '', '', ''),
(793, 499, 'le serpent de mer; df( litt., serpent de mer. )df', '', '', '', '', ''),
(794, 500, 'corruption morale', 'nshù, nù''.', '', '', '', ''),
(795, 501, 'le commerce, tout ce qui a trait au commerce', 'ntēē.', '', '', '', ''),
(796, 502, 'affaire crédible, affaire sérieuse, affaire véridique, véritable affaire, vérité', 'ntèn', 'nùndéndēē', '', 'pìěsōk.', ''),
(797, 503, 'la chenille.', '', '', '', '', ''),
(798, 503, 'nùnùmʉ̄nkhʉ̀ɑ̄ : sorte de criquet.', '', '', '', '', ''),
(799, 504, 'nonchalant, nonchalamment', '', 'nīníí.', '', '', ''),
(800, 505, 'herbe à baïonnette, à épine', '', 'nʉ̀''.', '', '', ''),
(801, 506, 'herbage, herbe.', '', '', '', '', ''),
(802, 506, 'les ordures', '', 'ghǎ''zū.', '', '', ''),
(803, 507, 'sorte de criquet', 'nùnù.', '', '', '', ''),
(804, 508, 'personne nonchalante, timide', 'nūnú', 'lǔwèn', '', 'ŋwá''wèn.', ''),
(805, 509, 'bienfait, charité, bienfaisance, générosité, philanthropie', '', '', '', 'nùsìpè''.', ''),
(806, 510, 'l''un ou l''autre, pas les deux à la fois; df( litt., deux choses. )df', '', '', '', '', ''),
(807, 510, '(Nùpʉ́ɑ́) c''est aussi un nom propre', 'nù.', '', '', '', ''),
(808, 511, 'coquetterie, séduction, élégance', 'nù, sə̀b.', '', '', '', ''),
(809, 512, 'camaraderie, amitié; df( litt., affaire d''ami; )df', 'nù.', 'kwèēsēn, sēn', '', '', ''),
(810, 513, 'la religion, la piété, la spiritualité; df( litt., les affaires religieuses; )df', '', 'nǔmbōō.', '', '', ''),
(811, 514, 'un mal, une faute, une erreur, un tort, un péché', '', 'hèè', '', 'nùpə̀pē''.', ''),
(812, 515, 'un mal, une faute, une erreur, un tort, un péché', '', 'hèè', '', 'nùmbə̀pə̄''.', ''),
(813, 516, 'comédie, farce, facétie, bouffonnerie, plaisanterie, blague', 'zhwìè, pìěsōk.', '', '', '', ''),
(814, 516, 'amusement', '', '', '', '', ''),
(815, 517, 'bonjour; df( litt., c''est une question qui signifie, fait-il jour? Cf. ngɑ̌ cɑ̀''sì, mbè''mbè'' fɑ̌hnzɑ̄, mbə̀''mbə̀'' fɑ̌hnzɑ̄.)df', '', '', '', '', ''),
(816, 518, 'écraser, broyer, triturer', 'nzɑ́''sí.', '', '', '', ''),
(817, 519, 'bracelet', '', 'mbónzɑ̀'', kwā''.', '', '', ''),
(818, 520, 'celui qui mange', '', '', '', '', ''),
(819, 520, 'celui qui gagne, le vainqueur', 'ndʉ̄ɑ̄', 'nshʉ̀ɑ̀ntèn', '', 'mbīè.', ''),
(820, 520, 'celui qui bénéficie, qui profite, l''attributaire, l''adjudicataire', 'pìì.', '', '', '', ''),
(821, 520, 'titre de noblesse, seigneur', '', 'nzɑ̂mbʉ̄''.', '', '', ''),
(822, 521, 'manger', '', '', '', '', ''),
(823, 521, 'gagner, vaincre', '', '', '', '', ''),
(824, 521, 'dehors', '', '', '', '', ''),
(825, 521, 'climat, atmosphère, temps', 'ngɑ̀ɑ̄nzɑ̄.', '', '', '', ''),
(826, 522, 'taper, battre', 'zàb.', 'mbū''', '', '', ''),
(827, 523, 'le hérisson.', '', '', '', '', ''),
(828, 524, 'enrouler, envelopper, encercler, entourer', '', '', '', '', ''),
(829, 525, 'le hérisson.', '', '', '', '', ''),
(830, 526, 'enrouler, envelopper, encercler, entourer', '', '', '', '', ''),
(831, 527, 'répandre, étendre, disséminer', '', 'nzáhsí.', '', '', ''),
(832, 528, 'réclamer', '', 'nkhʉ̄ɑ̄, nté'', nté''sí', '', '', ''),
(833, 529, 'celui qui réclame', '', 'nkhʉ̄ɑ̀.', '', '', ''),
(834, 530, 'répandre, étendre, disséminer.', '', '', '', '', ''),
(835, 531, 'tourner, virer.', '', '', '', '', ''),
(836, 531, 'trahir', 'nzáknjàm, zǎknjàm.', '', '', '', ''),
(837, 532, 'pitié, miséricorde', '', 'nzèn, nzènzèn.', '', '', ''),
(838, 532, '(nom d''action du verbe nzák, celui qui vire) nzàknjàm, nzàknjàb : traitre', '', 'nzɑ̂kmbōmfènmbʉ́ɑ́.', '', '', ''),
(839, 533, 'fagot', '', '', '', '', ''),
(840, 533, 'tas, monceau, amas, pile, empilement', '', 'ghòp.', '', '', ''),
(841, 534, 'fagot', '', '', '', '', ''),
(842, 534, 'tas, monceau, empilement.', '', '', '', '', ''),
(843, 534, 'lécher', 'zákmbōmfènmbʉ́ɑ́.', '', '', '', ''),
(844, 535, 'celui qui acquiert un titre de noblesse', 'nzɑ̂, nzɑ̄.', '', '', '', ''),
(845, 536, 'traitre, transfuge', 'nzākmbōmfènmbʉ́ɑ́', 'nzàknjàb, mfʉ̀ɑ̀wèn.', '', '', ''),
(846, 537, 'trahir; df( litt., lécher l''intérieur de la paume de main et l''envers; )df', 'zákmbōmfènmbʉ́ɑ́, nzâkmbōmfènmbʉ́ɑ́.', 'nzáknjàb, mfhʉ́ɑ́', '', '', ''),
(847, 538, 'traitre, transfuge', 'nzākmbōmfènmbʉ́ɑ́', 'nzàknjàb, mfʉ̀ɑ̀wèn.', '', '', ''),
(848, 539, 'paquet, rame de papiers; df( ne pas confondre avec )df nf( pú''ncə̀ə̀ : le cahier; )nf', 'nzāk.', '', '', '', ''),
(849, 540, 'trahir, déjouer, tromper, être infidèle', 'nzáknjàm', 'nzākmbōmfènmbʉ́ɑ́.', '', '', ''),
(850, 541, 'traître, transfuge; df( litt., celui qui vire derrière; )df', '', 'nzɑ̂kmbōmfènmbʉ́ɑ́, mfʉ̀ɑ̀wèn.', '', '', ''),
(851, 542, 'trahir, déjouer, tromper, être infidèle', 'nzáknjàb.', 'nzākmbōmfènmbʉ́ɑ́, mfʉ̀ɑ̀wèn', '', '', ''),
(852, 543, 'traître, transfuge', '', 'nzɑ̂kmbōmfènmbʉ́ɑ́, mfʉ̀ɑ̀wèn.', '', '', ''),
(853, 544, 'bouquet de fleurs, botte de fleurs; df( litt., fagot de fleurs; )df', 'nsə̀ə̀, nzāk.', 'pú''nsə̀ə̀, tú''nsə̀ə̀', '', '', ''),
(854, 545, 'chapitre; df( litt., un fagot, un paquet d’affaires; )df', 'nzāk.', 'kǎmnù, kǎmghə̀ə̀', '', '', ''),
(855, 546, 'rouler, dégringoler, dévaler', '', '', '', '', ''),
(856, 547, '', 'nzáp.', '', '', '', ''),
(857, 548, 'le hérisson', 'nzābɑ̀.', '', '', '', ''),
(858, 549, 'enrouler, envelopper, encercler, entourer', 'nzāp.', '', '', '', ''),
(859, 550, 'le hérisson', 'nzābɑ̀.', '', '', '', ''),
(860, 551, 'personne respectable, celui qui a acquis le titre de noblesse de mbʉ̄'', qui signifie celui qui soulève, qui secours', 'mbʉ̄'', nzɑ̄, nzɑ̂.', '', '', '', ''),
(861, 552, 'enrouler, envelopper, encercler, entourer', '', '', '', '', ''),
(862, 553, 'le vainqueur d''un procès, celui qui a obtenu gain de cause', 'nzɑ̂, nzɑ̄, zɑ́ncà'', nzɑ̄ncà''.', '', '', 'ngwɑ̀ncà'', mbīèncà''', ''),
(863, 554, 'litt., gagner un procès, avoir gain de cause', 'ncà'', nzɑ̂ncà'', nzɑ̄.', '', '', '', ''),
(864, 555, 'le successeur, l''héritier; df( litt., celui qui gagne en héritage une maison.)df', '', '', '', '', ''),
(865, 556, 'hériter, succéder à qqn', 'nzɑ̂ndʉ̄ɑ̄ : le successeur.', '', '', '', ''),
(866, 557, 'celui qui reçoit l''argent cotisé lors des tontines mutuelles', 'nsɑ̄'', nzɑ̄.', 'nzɑ̂ntɑ̄''', '', '', ''),
(867, 558, 'celui qui reçoit l''argent cotisé lors des tontines mutuelles', 'ntɑ̄'', nzɑ̄.', 'nzɑ̂nsɑ̄''', '', '', ''),
(868, 559, 'le vendeur à profit, celui qui fait des profits, celui dont le commerce prospère', 'nzɑ̂pìì', '', '', 'mbīèntēē.', ''),
(869, 560, 'taper, battre', '', 'mbū'', mvāp, nshwīāt, mfīī, mvēn.', '', '', ''),
(870, 561, 'enrouler, envelopper, encercler, entourer.', '', '', '', '', ''),
(871, 562, 'le bénéficiaire, attributaire, adjudicataire.', '', '', '', '', ''),
(872, 562, '(péjorativement) un profiteur', 'pìì, nzɑ̄.', '', '', '', ''),
(873, 563, 'applaudir, acclamer, ovationner', '', 'mbū''sī mbō, nzápmbō.', '', '', ''),
(874, 564, 'parier, gager, miser', 'ndà''.', '', '', '', ''),
(875, 565, 'frapper, battre doucement et régulièrement.', '', '', '', '', ''),
(876, 565, 'se débrouiller, faire des efforts, se battre.', '', '', '', '', ''),
(877, 565, 'faire qqch confusément (d''une manière confuse)', '', 'ngóósí.', '', '', ''),
(878, 566, 'enrouler, envelopper, encercler, entourer', 'nzāp.', '', '', '', ''),
(879, 567, 'écraser, broyer, triturer', 'nzɑ́''.', 'ngó’sí', '', '', ''),
(880, 568, 'ronger', 'nzɑ̄.', 'mfātsī', '', '', ''),
(881, 569, 'peser, être lourd, accabler', 'nzátsí.', '', '', '', ''),
(882, 570, 'les excréments, les cacas', '', '', '', '', ''),
(883, 571, 'excréments, déjections, selles, cacas.', '', '', '', '', ''),
(884, 572, 'être lourd, se trainer le corps, être indisponible', 'nzàtnā.', '', '', 'njáhnā', ''),
(885, 573, 'un lourdaud, qqn qui a le corps et parfois aussi, l''esprit lourd, qqn sur qui on ne peut compter pour rendre un service', '', '', '', 'njàhnā.', ''),
(886, 574, 'fientes, crottes; df( litt., les excréments d''animaux; )df', 'nə̀ə̀, nzāt.', '', '', '', ''),
(887, 575, 'la rouille.', '', '', '', '', ''),
(888, 576, 'être impoli, ne pas saluer les gens lorsqu''on les rencontre; df( litt., alourdir la bouche; )df', 'nshù.', '', '', 'njáhnshù', ''),
(889, 577, 'peser, être lourd', '', '', '', '', ''),
(890, 577, 'être important, être une illustre personnalité', '', '', '', '', ''),
(891, 578, 'glouton, gourmand, gros mangeur.', '', '', '', '', ''),
(892, 578, '(sens figuré) un vaurien, un fainéant, un paresseux.', '', '', '', '', ''),
(893, 579, 'réclamer', '', 'nkhʉ̄ɑ̄, ntə́'', ntə́''sí', '', '', ''),
(894, 580, 'bourses testiculaires, scrotum', '', '', '', '', ''),
(895, 580, 'pitié, miséricorde', '', 'nzènzèn, nzàk', '', '', ''),
(896, 581, 'celui qui danse, un danseur', 'nzênshì, nnàknshì, nzēn.', '', '', '', ''),
(897, 582, 'danser', 'nzênshì.', 'nnák, nzēnshì', '', '', '');

-- --------------------------------------------------------

--
-- Table structure for table `entry`
--

CREATE TABLE IF NOT EXISTS `entry` (
  `idEntry` int(6) NOT NULL,
  `word` varchar(50) NOT NULL,
  `nature` varchar(255) DEFAULT '''''',
  PRIMARY KEY (`idEntry`)
) ENGINE=MyISAM DEFAULT CHARSET=utf8;

--
-- Dumping data for table `entry`
--

INSERT INTO `entry` (`idEntry`, `word`, `nature`) VALUES
(1, '﻿''', ''),
(2, 'à hāà', ''),
(3, 'á', 'pron. pers. sujet'),
(4, 'à', 'pron. pers. complément'),
(5, 'ǎ', 'pron. pers. sujet'),
(6, 'ā', 'pron. pers. complément'),
(7, 'ɑ́', 'prép.'),
(8, 'ɑ̀', ''),
(9, 'āfrīkà', 'Āfrīkà'),
(10, 'àhâ', ''),
(11, 'āmērīkà', 'Āmērīkà'),
(12, 'āzìà', 'Āzìà'),
(13, 'b', ''),
(14, 'bà', 'poss. sing. renforcé de la première pers. du sing.'),
(15, 'bǎ', 'adj. dém. servant à indiquer quelque chose proche de l''interlocuteur'),
(16, 'bā', 'pron. pers. complément'),
(17, 'bɑ́', ''),
(18, 'bɑ̂', ''),
(19, 'bɑ̄', 'autre forme de mbɑ̄'),
(20, 'báá', ''),
(21, 'bàá', 'autre graphie de bǎ'),
(22, 'bàâ', 'onomatopée'),
(23, 'bǎàh', ''),
(24, 'bǎh', ''),
(25, 'báhà', ''),
(26, 'bàhâ', ''),
(27, 'bàt', 'mbát'),
(28, 'bê', 'adj. dém.'),
(29, 'béé', 'adj. dém.'),
(30, 'béè', 'autre graphie de bê'),
(31, 'bì', 'adj. poss.'),
(32, 'bî', 'adj. dém.'),
(33, 'bī', 'adj. poss. complément, 3me pers. sing.'),
(34, 'bíí', 'adj. dém.'),
(35, 'bíì', 'autre graphie de bî'),
(36, 'bò', 'adj. poss.'),
(37, 'bô', 'adj. démonstratif de précision'),
(38, 'bō', ''),
(39, 'bōksì', 'pidgin'),
(40, 'bòlò', 'bòlò ou pòlò'),
(41, 'c', ''),
(42, 'cá''', 'p. p. du verbe ncā'''),
(43, 'cà''', ''),
(44, 'cǎ''', ''),
(45, 'cā''', 'Impératif et p. p. du verbe ncā'''),
(46, 'cɑ̀''', 'p. p. et impératif du verbe ncɑ́'''),
(47, 'cɑ̄''', ''),
(48, 'cɑ̀ɑ̀', 'p. p. et impératif du verbe ncɑ́ɑ́'),
(49, 'cɑ̄ɑ̄', 'verbe ncɑ̄ɑ̄'),
(50, 'cɑ̀ɑ̄nshù', ''),
(51, 'cɑ̄ɑ̄sī', 'verbe ncɑ̄ɑ̄sī, fréquentatif de cɑ̄ɑ̄'),
(52, 'cáb', ''),
(53, 'càb', 'càm'),
(54, 'cāb', ''),
(55, 'càbɑ̀', 'verbe ncábɑ́'),
(56, 'cābɑ̄', 'verbe ncābɑ̄'),
(57, 'cábnthʉ̄', ''),
(58, 'càh', 'son itératif est cìcàh'),
(59, 'cāh', 'p. p. et impératif du verbe ncāh'),
(60, 'càhcàh', ''),
(61, 'càhlɑ̄''', 'de càh : centre, et lɑ̄'' : village, ville, pays'),
(62, 'cáhntōk', 'de cáh, du verbe ncāh : obstrué, bouché, et ntōk : oreilles'),
(63, 'cáhnzhìè', ''),
(64, 'cāhnzhìè', 'verbe ncāhnzhìè, litt., bloquer la famine'),
(65, 'cāhsī', ''),
(66, 'cák', 'p. p. du verbe ncāk'),
(67, 'càk', ''),
(68, 'cǎk', 'kʉ̀cák'),
(69, 'cāk', 'impératif du verbe ncāk : chercher'),
(70, 'càklɑ̀', 'p. p. du verbe ncáklɑ́'),
(71, 'cǎkmōh', ''),
(72, 'cákncà''', 'du verbe ncākncà'', litt., recherche des problèmes'),
(73, 'cákngà''', 'de cák, du verbe ncāk : chercher, et ngà'' : racine'),
(74, 'cákngǎ''nzhwìàwū', ''),
(75, 'càknì', 'p. p. du verbe ncákní'),
(76, 'cákntèn', 'nom d''action du verbe ncākntèn'),
(77, 'cākntèn', 'verbe ncākntèn'),
(78, 'cǎ''lə̀ə̀', ''),
(79, 'cám', ''),
(80, 'càm', 'càb'),
(81, 'cām', ''),
(82, 'cǎmcǎm', 'onomatopée, adv.'),
(83, 'cámkò', 'cápkò'),
(84, 'cámnā', 'du verbe ncāmnā, litt., ressaisissement du corps'),
(85, 'cāmnā', 'verbe ncāmnā, litt., saisir son corps'),
(86, 'càmndát', ''),
(87, 'cǎmngə̀''', 'cǎmngwè'''),
(88, 'cǎmngwè''', 'cǎmngə̀'''),
(89, 'cámpè''è', 'cáp-pè''è'),
(90, 'càmsì', 'verbe ncámsí, fréquentatif de ncám'),
(91, 'cǎ''ndhī', ''),
(92, 'cáp', ''),
(93, 'cāp', 'impératif du verbe ncāp'),
(94, 'cápkò', ''),
(95, 'cápnā', 'du verbe ncāpnā, litt., ressaisissement du corps'),
(96, 'cāpnā', 'verbe ncāpnā, litt., saisir son corps'),
(97, 'cáp-pè''è', 'cámpè''è'),
(98, 'cà''sì', ''),
(99, 'cā''sī', 'verbe ncā''sī'),
(100, 'cɑ̀''sì', 'verbe ncɑ́''sí, fréquentatif de cɑ̀'''),
(101, 'càt', 'verbe ncát'),
(102, 'cāt', 'verbe ncāt'),
(103, 'cátnshì', 'litt., ce qui sert à bloquer l''eau'),
(104, 'cātsī', 'p. p. et impératif du verbe ncātsī'),
(105, 'cɔ̀', ''),
(106, 'cɔ̀ɔ̀', ''),
(107, 'cɔ̀ɔ̀nə̀ə̀', ''),
(108, 'cɔ̌ɔ̄nə̀ə̀', 'shɔ̌ɔ̄nə̀ə̀'),
(109, 'cɔ̀nə̀ə̀', ''),
(110, 'cə̀''', 'cwè'''),
(111, 'cə̄''', 'cwē'''),
(112, 'cə̂b', ''),
(113, 'cə̄bsì', 'cōmsì'),
(114, 'cə̄bsī', 'verbe ncə̄bsī'),
(115, 'cə̄bsǐlíé''zī', 'cōmsǐlíé''zī, litt., le rappel de la naissance'),
(116, 'cə̀ə̀', ''),
(117, 'cə̄ə̄', 'verbe ncə̄ə̄'),
(118, 'cə́ə́nzèn', 'autre graphie de cə́nzèn, nom venant du verbe ncə̄ə̄nzèn'),
(119, 'cə̄ə̄nzèn', 'verbe ncə̄ə̄nzèn'),
(120, 'cə̀''fī', 'cwè''fī, litt., information nouvelle'),
(121, 'cēh', 'verbe ncēh'),
(122, 'céhwū', 'nom d''action du verbe ncēhwū : lire'),
(123, 'cên', 'ncēn, cìcēn'),
(124, 'cēn', 'verbe ncēn'),
(125, 'cēnɑ̄', ''),
(126, 'cěnkwēn', ''),
(127, 'cēnsī', 'verbe ncēnsī, fréquentatif de cēn'),
(128, 'cə́nzèn', 'autre graphie de cə́ə́nzèn'),
(129, 'cɛ̀h', 'verbe ncέh'),
(130, 'cī', 'shī, cīmɑ̄nkò'', shīmɑ̄nkò'''),
(131, 'cìà', 'shìà'),
(132, 'cìcàh', ''),
(133, 'cícāt', ''),
(134, 'cícātlɑ̄', 'cícāt'),
(135, 'cìcēn', ''),
(136, 'cìcò''', ''),
(137, 'cīcō''ò', 'supplication'),
(138, 'cìè', 'shìè, p. p. du verbe nshíé'),
(139, 'cīē''', 'shīē'', impératif du verbe ncīē'', nshīē'''),
(140, 'cìì', ''),
(141, 'cīī', 'verbe ncīī'),
(142, 'cīmɑ̄nkò''', ''),
(143, 'cìncēn', ''),
(144, 'cò'' kāhā', 'cò'' kāhā?'),
(145, 'cò''', ''),
(146, 'cô''', 'nom d''action du verbe ncō'''),
(147, 'cō', 'verbe ncō'),
(148, 'cō''', 'verbe ncō'''),
(149, 'còb', 'autre graphie de còp'),
(150, 'cô''fʉ̀', 'contraction de cô'' fʉ̀ndʉ̄ɑ̄; litt. ce qui sert à ouvrir une serrure'),
(151, 'còh', 'còhsì, ncóh, ncóhsí'),
(152, 'cōh', 'nom d''action du verbe cōh'),
(153, 'cōhshwīī', 'ncōhshwīī'),
(154, 'còhsì', 'fréquentatif de còh'),
(155, 'cōhsì', 'du verbe ncōhsī'),
(156, 'cōhsī', 'verbe ncōhsī, fréquentatif de cōh'),
(157, 'còk', 'verbe ncók'),
(158, 'cōkwàà', ''),
(159, 'còmɑ̀', ''),
(160, 'có''mfɑ̀''', 'nom venant du verbe ncō''mfɑ̀'' : rétribuer'),
(161, 'còmnə̀ə̀', ''),
(162, 'cōmsì', 'cə̄bsì'),
(163, 'cōmsī', 'cə̄bsī'),
(164, 'cōmsǐlíé''zī', 'cə̄bsǐlíé''zī, litt., le rappel de la naissance'),
(165, 'cô''ndù''', 'ncô''ndù'''),
(166, 'cô''ndʉ̄ɑ̄', 'de cô'', verbe ncō'' : ouvrir, et ndʉ̄ɑ̄ : maison'),
(167, 'cò''ngāp', ''),
(168, 'có''nkhù', ''),
(169, 'cǒ''nsè''', ''),
(170, 'cǒ''nsə̀''', ''),
(171, 'cónshì', 'litt., la tombée d''eau'),
(172, 'có''nshù', 'autre graphie de cô''nshù'),
(173, 'nkwè''ngèn', 'nkə̀''ngèn; cf. nkwé'', ngèn'),
(174, 'nkwé''ní', 'kwè''nì; cf. nkə́''ní'),
(175, 'nkwè''nì', 'cf. nkə̀''nì'),
(176, 'nkwé''nkòò', 'de nkwé'', nkwē''ē : bosse, et nkòò : le dos'),
(177, 'nkwé''nkwē''', 'cf. nkə́''nkə̄'''),
(178, 'nkwē''nkwé''', 'adj.'),
(179, 'nkwēnsī', 'kwēnsī, fréquentatif de nkwēn'),
(180, 'nkwè''sə̀mbʉ́ɑ́', 'de nkwè'' : mont et sə̀mbʉ́ɑ́ : sept; cf. nkə̀''sə̀mbʉ́ɑ́'),
(181, 'nkwē''sī', 'fréquentatif de nkwē'''),
(182, 'nkwɛ̀ɛ̀', 'nkwàà'),
(183, 'nkέh', 'cf. nkáh'),
(184, 'nnā''', 'nā'''),
(185, 'nnɑ̄''', 'nɑ̄'''),
(186, 'nnâ’nsì', 'litt., celui qui fait cuire, qui examine le sens'),
(187, 'nnáb', 'cf. nàb'),
(188, 'nnāb', 'nāb'),
(189, 'nnāh', 'nāh; cf. nnɛ̄h'),
(190, 'nnɑ́h', 'nɑ̀h'),
(191, 'nnɑ̄h', 'nɑ̄h; cf. nnə̄h'),
(192, 'nnɑ̄hmbì''', 'nnə̄hmbì'''),
(193, 'nnāhnshì', 'nnɛ̄hnshì'),
(194, 'nnɑ́hnshì', 'nnə́hnshì'),
(195, 'nnɑ̄hnshì', 'nnə̄hnshì'),
(196, 'nnɑ̄hpʉ̀ɑ̀', 'nnə̄hpʉ̀ɑ̀'),
(197, 'nnāhshì', 'cf. nnāh, nnɛ̄hshì'),
(198, 'nnɑ̄hsīē', 'nnə̄hsīē'),
(199, 'nnɑ̄hsōh', 'nnə̄hsōh'),
(200, 'nnɑ̄htēnɑ̄', 'nnə̄htēlɑ̄'),
(201, 'nnák', ''),
(202, 'nnāk', 'nāk'),
(203, 'nnâkngʉ̄ɑ̄''', 'du verbe nnāk : laisser, et ngʉ̄ɑ̄'' : la souffrance, la misère'),
(204, 'nnākngʉ̄ɑ̄''', 'nākngʉ̄ɑ̄'', litt., laisser la souffrance, faire souffrir'),
(205, 'nnáknkà''', 'de nnák : marcher et de nkà'' : rang'),
(206, 'nnáknshì', ''),
(207, 'nnàknshì', ''),
(208, 'nnâkŋwɑ̄''', ''),
(209, 'nnáksí', 'nàksì, fréquentatif de nnák'),
(210, 'nnāksī', 'fréquentatif de nnāk : relâcher, laisser'),
(211, 'nnám', 'cf. nnáb'),
(212, 'nnām', ''),
(213, 'nnā''sī', 'nā''sī, fréquentatif de nnā'' : cuire'),
(214, 'nnɑ̄''sī', 'fréquentatif de nnɑ̄'''),
(215, 'nné''', 'nnə́'', nè'', nə̀'''),
(216, 'nnē', 'autre graphie de nnēn'),
(217, 'nnē''', 'nē''; cf. nnə̄'''),
(218, 'nnə́''', 'nə̀''; cf. nné'', nè'''),
(219, 'nnə̄''', 'nə̄''; cf. nnē'''),
(220, 'nnēē', 'nēē'),
(221, 'nnēēsī', 'nēēsī'),
(222, 'nnēh', 'homonyme et synonyme de nnēē'),
(223, 'nnə́h', 'nə̀h; cf. nɑ̀h, nnɑ́h'),
(224, 'nnə̄h', 'nnɑ̄h'),
(225, 'nnə̄hmbì''', 'nnɑ̄hmbì'''),
(226, 'nnə́hnshì', 'nnɑ́hnshì'),
(227, 'nnə̄hnshì', 'nnɑ̄hnshì'),
(228, 'nnə̄hpʉ̀ɑ̀', 'nnɑ̄hpʉ̀ɑ̀'),
(229, 'nnēhsī', 'nēhsī, fréquentatif de nnēh, autre graphie de nnēēsī'),
(230, 'nnə̄hsīē', 'nnɑ̄hsīē'),
(231, 'nnə̄hsōh', 'nnɑ̄hsōh'),
(232, 'nnə̄htēlɑ̄', 'nnɑ̄htēnɑ̄'),
(233, 'nnē''mōō', 'nnə̄''mōō; cf. nnē'', mōō'),
(234, 'nnə̄''mōō', 'nnē''mōō; cf. nnə̄'', mōō'),
(235, 'nnēn', 'autre graphie de nnē; cf. nēn'),
(236, 'nnē''nthʉ̄', 'nnə̄''nthʉ̄'),
(237, 'nnə̄''nthʉ̄', 'nnē''nthʉ̄'),
(238, 'nnē''pēn', 'cf. nnə̄''pēn'),
(239, 'nnə̄''pēn', 'cf. nnē''pēn'),
(240, 'nné''sīē', 'cf. nnə́''sīē'),
(241, 'nnə́''sīē', 'cf. nné''sīē'),
(242, 'nnɛ̄h', 'nɛ̄h; cf. nnāh'),
(243, 'nnɛ̄hnshì', 'cf. nnāhnshì'),
(244, 'nnɛ̄hshì', 'cf. nnɛ̄h, nnāhshì'),
(245, 'nní', ''),
(246, 'nní''', ''),
(247, 'nnī''', 'nī'''),
(248, 'nníá', 'nìà, autre graphie de nníáh'),
(249, 'nníɑ́ɑ́', 'nìɑ̀ɑ̀'),
(250, 'nnìɑ̀ɑ̀', 'nnʉ̀ɑ̀ɑ̀, nom d''action du verbe nníɑ́ɑ́'),
(251, 'nnìɑ̀ɑ̀ncà''', ''),
(252, 'nnìɑ̀ɑ̀ncāt', 'cf. nnìɑ̀ɑ̀, ncāt'),
(253, 'nnìɑ̀ɑ̀nshì', 'cf. nnìɑ̀ɑ̀, nshì'),
(254, 'nníɑ́ɑ́nù', ''),
(255, 'nníɑ́ɑ́sí', 'nìɑ̀ɑ̀sì, fréquentatif de nníɑ́ɑ́'),
(256, 'nníáh', 'nìàh, autre graphie de nníá'),
(257, 'nnìàh', 'cf. nnìɛ̀h'),
(258, 'nnīāt', 'nnīātlɑ̄'),
(259, 'nnīātlɑ̄', 'nnīāt'),
(260, 'nnīātsī', 'fréquentatif de nnīāt'),
(261, 'nnīē''', 'nīē'''),
(262, 'nnìɛ̀h', 'nnìàh'),
(263, 'nníí', 'nìì'),
(264, 'nnīī', 'nīī'),
(265, 'nníícwàà', 'nììcwàà'),
(266, 'nnīīsī', 'nīīsī, fréquentatif de nnīī'),
(267, 'nnī''lōh', ''),
(268, 'nnìnī''', ''),
(269, 'nní''sí', 'nì''sì'),
(270, 'nnó''', 'nò'''),
(271, 'nnó''mbēn', 'cf. nnó'', mbēn'),
(272, 'nnó''nɑ̄h', 'cf. nnó''nə̄h'),
(273, 'nnó''nə̄h', 'cf. nnó''nɑ̄h'),
(274, 'nnó''ntə̄''', ';;syn. nnó''tʉ̄tə̄'''),
(275, 'nnōō', 'nōō'),
(276, 'nnōōsī', 'nōōsī, fréquentatif de nnōō'),
(277, 'nnó''sí', 'fréquentatif de nnó'''),
(278, 'nnó''sínɑ̄h', 'nnó''sínə̄h'),
(279, 'nnó''sínə̄h', 'nnó''sínɑ̄h'),
(280, 'nnó''tʉ̄tə̄''', ''),
(281, 'nnú''', ''),
(282, 'nnû', 'nom d''action du verbe nnū : boire, aspirer'),
(283, 'nnū', ''),
(284, 'nnʉ́''', ''),
(285, 'nnúá', 'nùà'),
(286, 'nnʉ́ɑ́', 'nʉ̀ɑ̀'),
(287, 'nnʉ̄ɑ̄', ''),
(288, 'nnʉ́ɑ́ɑ́', 'nʉ̀ɑ̀ɑ̀; cf. nníɑ́ɑ́sí, nníɑ́ɑ́'),
(289, 'nnʉ̀ɑ̀ɑ̀', 'nnìɑ̀ɑ̀, nom d''action du verbe nnʉ́ɑ́ɑ́'),
(290, 'nnʉ̀ɑ̀ɑ̀ncāt', 'cf. nnʉ̀ɑ̀ɑ̀, ncāt, nnìɑ̀ɑ̀ncāt'),
(291, 'nnʉ́ɑ́ɑ́sí', 'fréquentatif de nnʉ́ɑ́ɑ́; cf. nníɑ́ɑ́sí'),
(292, 'nnʉ̀ɑ̀ɑ̀tòòndāk', 'cf. nnʉ̀ɑ̀ɑ̀'),
(293, 'nnúásí', 'nùàsì, fréquentatif de nnúá'),
(294, 'nnûndɑ̀pɑ̀''', 'cf. nnû, ndɑ̀pɑ̀'''),
(295, 'nnú''nshì', ''),
(296, 'nnú''nshù', ''),
(297, 'nŋá''', 'ŋà'''),
(298, 'nŋɑ̄''', ''),
(299, 'nŋáá', 'ŋàà, autre graphie de nŋáh'),
(300, 'nŋāā', 'ŋāā'),
(301, 'nŋɑ̄ɑ̄', 'ŋɑ̄ɑ̄'),
(302, 'nŋààlɑ̀', ''),
(303, 'nŋāāsī', 'ŋāāsī, fréquentatif de nŋāā'),
(304, 'nŋáh', 'ŋàh, autre graphie de nŋáá'),
(305, 'nŋàhwū', 'agent du verbe nŋáh : se débrouiller, s''efforcer'),
(306, 'nŋām', 'nŋāp'),
(307, 'nŋāmsī', ''),
(308, 'nŋɑ̂''nā', 'nom d''action du verbe nŋɑ̄''nā'),
(309, 'nŋɑ̄''nā', 'cf. nŋɑ̄'', nā, nŋɑ̂''nā'),
(310, 'nŋɑ̂''nkòò', 'du verbe nŋɑ̄''nkòò'),
(311, 'nŋɑ̄''nkòò', 'cf. nŋɑ̄'', nkòò'),
(312, 'nŋǎntèndʉ̄ɑ̄', 'nŋɛ̌ntèndʉ̄ɑ̄'),
(313, 'nŋāp', 'nŋām'),
(314, 'nŋá''sí', 'ŋà''sì, fréquentatif de nŋá'''),
(315, 'nŋə̄b', 'ŋə̄b; cf. ŋə̄m, nŋōmsī, nŋə̄bsī'),
(316, 'nŋə̄bsī', 'ŋə̄bsī, fréquentatif de nŋə̄b; cf. ŋə̄msī, nŋōmsī'),
(317, 'nŋə̄ə̄', ''),
(318, 'nŋə̄ə̄sī', 'ŋə̄ə̄sī, fréquentatif de ŋə̄ə̄'),
(319, 'nŋə̄m', 'ŋə̄m; cf. nŋə̄b, nŋōmsī, nŋə̄bsī'),
(320, 'nŋə̄msī', 'ŋə̄msī; cf. nŋə̄b, nŋōmsī, nŋə̄bsī'),
(321, 'nŋɛ̌ntèndʉ̄ɑ̄', 'nŋǎntèndʉ̄ɑ̄'),
(322, 'nŋō''', 'ŋō'''),
(323, 'nŋōm', 'ŋōm; cf. nŋōmsī, nŋə̄bsī'),
(324, 'nŋōmsī', 'ŋōmsī; cf. nŋə̄bsī, nŋə̄msī'),
(325, 'nŋō''pō', 'de nŋō'' : plier, replier, et pō : la main; cf. pō,'),
(326, 'nŋō''sī', 'ŋō''sī, fréquentatif de nŋō'''),
(327, 'nŋū''', 'ŋū''; son fréquentatif est nŋū''sī'),
(328, 'nŋʉ́''', 'ŋʉ̀'''),
(329, 'nŋʉ̄''lōh', ''),
(330, 'nŋū''sī', 'ŋū''sī, fréquentatif du verbe nŋū'''),
(331, 'nŋwá''', 'ŋwà'''),
(332, 'nŋwā''', 'nŋwā''sī'),
(333, 'nŋwɑ́''', 'ŋwɑ̀'''),
(334, 'nŋwáá', 'ŋwàà'),
(335, 'nŋwáh', 'ŋwàh'),
(336, 'nŋwá''sí', 'ŋwà''sì, fréquentatif de nŋwá'''),
(337, 'nŋwā''sī', 'ŋwā''sī, fréquentatif du verbe nŋwā'''),
(338, 'nŋwāt', 'nŋwātlɑ̄'),
(339, 'nŋwātlɑ̄', 'nŋwāt'),
(340, 'nŋwātlɑ̄''', 'ŋwātlɑ̄'''),
(341, 'nŋwēē', 'ŋwēē, ŋwēēsī'),
(342, 'nŋwēēsī', 'ŋwēēsī, fréquentatif de nŋwēē'),
(343, 'nŋέh', ''),
(344, 'nò', 'nō, adj. poss. renforcé de la deuxième pers.'),
(345, 'nò''', ''),
(346, 'nō', 'pron. pers. renforcé de la deuxième pers. du sing.'),
(347, 'nòk', ''),
(348, 'nǒkmbóknzī', 'cf. nòk, mbóknzī'),
(349, 'nǒkngòmnɑ̄h', 'autre graphie de nǒkngòpnə̄h; cf. nòk, ngòmnɑ̄h'),
(350, 'nǒkngòpnɑ̄h', 'nǒkngòpnə̄h; cf. nòk, ngòpnɑ̄h'),
(351, 'nǒkngòpnə̄h', 'nǒkngòpnɑ̄h; cf. nòk, ngòpnə̄h'),
(352, 'nǒknshù', 'cf. nòk, nshù'),
(353, 'nǒktěnshù', 'cf. nòk, těnshù'),
(354, 'nǒktū', 'cf. nòk, tū'),
(355, 'nònòk', 'itératif de nòk : poil'),
(356, 'nōō', 'nnōō'),
(357, 'nōōnóó', 'adv.'),
(358, 'nōōsī', 'verbe nnōōsī, fréquentatif de nōō'),
(359, 'nsá''', 'sà'''),
(360, 'nsà''', 'plur. de sà'''),
(361, 'nsā''', ''),
(362, 'nsɑ́''', 'sɑ̀'''),
(363, 'nsɑ̀''', 'plur. de sɑ̀'''),
(364, 'nsɑ̂''', 'agent du verbe nsɑ̄'' : commander, gouverner'),
(365, 'nsɑ̌''', 'nsɑ̄'''),
(366, 'nsɑ̄''', 'nsɑ̌'''),
(367, 'nsɑ́ɑ́', 'sɑ̀ɑ̀'),
(368, 'nsāb', 'sāb'),
(369, 'nsābsī', 'sābsī, fréquentatif de nsāb; cf. nsāmsī'),
(370, 'nsɑ̂''fə̀mfhʉ́lɑ̄''', 'litt., celui qui dirige un département'),
(371, 'nsáh', 'sàh'),
(372, 'nsāh', 'sāh'),
(373, 'nsɑ́h', 'sɑ̀h; cf. nsə́h'),
(374, 'nsɑ̄h', 'cf. nsə̄ə̄, nsə̄h'),
(375, 'nsâhnkɑ̄ɑ̄', 'cf. nsāh, nkɑ̄ɑ̄'),
(376, 'nsāhnù', 'sāhnù'),
(377, 'nsɑ̂hnzɑ̄', 'cf. nsə̂hnzɑ̄'),
(378, 'nsâhzū', 'cf. nsāh, zū'),
(379, 'nsák', 'sàk'),
(380, 'nsàk', 'agent du verbe nsák : badigeonner, crépir, cimenter, lisser'),
(381, 'nsāk', 'sāk'),
(382, 'nsàkndhī', 'de nsàk, du verbe nsák : lisser, et ndhī : vêtement'),
(383, 'nsāksī', 'fréquentatif de nsāk'),
(384, 'nsām', 'sām; cf. nsāp'),
(385, 'nsàmànsāmā', 'nsàmànsāmɑ̄'),
(386, 'nsàmànsāmɑ̄', 'nsàmànsāmā'),
(387, 'nsɑ̂''mbǔ''nkèn', 'cf. nsɑ̂'',litt., qui commande la télévision'),
(388, 'nsɑ̂''mfhʉ́lɑ̄''', ''),
(389, 'nsámndʉ̄ʉ̄', ''),
(390, 'nsàmnsǎm', ''),
(391, 'nsāmsī', 'fréquentatif de nsām'),
(392, 'nsɑ̂''ncà''', ''),
(393, 'nsɑ̄''ncà''', ''),
(394, 'nsɑ̂''ngə̀''', 'cf. nsɑ̂''ngwè''; de nsɑ̂'', du verbe nsɑ̄'' : diriger, commander, et ngə̀'' : une nation, un pays'),
(395, 'nsɑ̂''ngwè''', 'cf. nsɑ̂''ngə̀''; de nsɑ̂'', du verbe nsɑ̄'' : diriger, commander, et ngwè'' : une nation, un pays'),
(396, 'ntōmnàm', 'de ntōm : sortir et nàm : le soleil; cf. ntə̄bnàb,'),
(397, 'ntómntōm', ''),
(398, 'ntôndʉ̄ɑ̄', 'du verbe ntōndʉ̄ɑ̄, litt., celui qui perce la maison'),
(399, 'ntōndʉ̄ɑ̄', 'de ntō : percer, et ndʉ̄ɑ̄ : maison'),
(400, 'ntōngà', ''),
(401, 'ntǒ''ntò''', 'du verbe ntó'''),
(402, 'ntóó', ''),
(403, 'ntòò', 'agent du verbe ntóó : bruler'),
(404, 'ntōō', ''),
(405, 'ntòòlɑ̄''', 'cf. ntōō, lɑ̄'''),
(406, 'ntóóngòk', 'tǒǒngòk; mot ambivalent'),
(407, 'ntòònjò''', 'litt., celui ou celle qui rôti la patate au feu de bois'),
(408, 'ntōōsákndʉ̄ɑ̄', 'de ntōō : poteau, pilier, et de sákndʉ̄ɑ̄ : bordure du toit'),
(409, 'ntōōsákpè''è', 'de ntōō : poteau, pilier, et de sákpè''è : bordure du toit'),
(410, 'ntôôsì', 'du verbe ntōōsī'),
(411, 'ntōōsī', 'tōōsī, fréquentatif de ntōō'),
(412, 'ntôôtū', 'litt., ce qui sert à soutenir la tête'),
(413, 'ntôwū', ''),
(414, 'ntò''wūɑ̄', ''),
(415, 'ntú', 'tù'),
(416, 'ntǔ', 'ntū, plur. de tū'),
(417, 'ntǔ''', 'ntū'''),
(418, 'ntū', 'plur. de tū'),
(419, 'ntū''', ''),
(420, 'ntʉ́', 'tʉ̀'),
(421, 'ntʉ̀', 'sù'),
(422, 'ntʉ̀''', ''),
(423, 'ntʉ̄''', 'nsū'''),
(424, 'ntʉ̄ɑ̄ ngʉ̄ɑ̄', ''),
(425, 'ntʉ̄ɑ̄ sīē', 'tʉ̄ɑ̄ sīē de ntʉ̄ɑ̄ : déposer, poser, mettre, et sīē : par terre'),
(426, 'ntúá', 'tùà'),
(427, 'ntùà', ''),
(428, 'ntʉ́ɑ́''', 'tʉ̀ɑ̀'''),
(429, 'ntʉ̀ɑ̀''', ''),
(430, 'ntʉ̄ɑ̀', 'nom d’action du verbe ntʉ̄ɑ̄ : fonder, créer, inventer'),
(431, 'ntʉ̄ɑ̄', 'tʉ̄ɑ̄'),
(432, 'ntʉ̄ɑ̄''', 'tʉ̄ɑ̄'''),
(433, 'ntʉ̄ɑ̀’', 'agent du verbe ntʉ̄ɑ̄'' : bagarrer'),
(434, 'ntʉ̄ɑ̀''mbō', 'du verbe ntʉ̄ɑ̄''mbō'),
(435, 'ntʉ̄ɑ̄''mbō', 'tʉ̄ɑ̄''mbō'),
(436, 'ntʉ̄ɑ̀mōō', 'du verbe ntʉ̄ɑ̄ : poser, déposer et mōō : enfant'),
(437, 'ntʉ́ɑ́ngə̀''', 'de ntʉ́ɑ́, ntʉ̄ɑ̄ : poser, fonder, et de ngə̀'' : le pays, la nation; cf. tʉ́ɑ́ngə̀'', tʉ́ɑ́ngwè'', ntʉ́ɑ́ngwè'''),
(438, 'ntʉ̄ɑ̀ngʉ̄ɑ̄''', 'du verbe ntʉ̄ɑ̄ : poser, déposer et ngʉ̄ɑ̄'' : la souffrance, la misère'),
(439, 'ntʉ́ɑ́ngwè''', 'de ntʉ́ɑ́, ntʉ̄ɑ̄ : poser, fonder, et de ngwè'' : le pays, la nation; cf. tʉ́ɑ́ngə̀'', tʉ́ɑ́ngwè'', ntʉ́ɑ́ngə̀'''),
(440, 'ntǔānì', ''),
(441, 'ntǔɑ̄nì', ''),
(442, 'ntʉ́ɑ́nkātlɑ̄', 'plur. de tʉ́ɑ́nkātlɑ̄'),
(443, 'ntʉ̄ɑ̄nkhǔsīē', 'cf. ntʉ̄ɑ̄, nkhù, sīē'),
(444, 'ntʉ̄ɑ̄''nkwàà', 'ntʉ̄ɑ̄''nkwɛ̀ɛ̀'),
(445, 'ntʉ̄ɑ̄''nkwɛ̀ɛ̀', 'ntʉ̄ɑ̄''nkwàà'),
(446, 'ntʉ̄ɑ̄nshù', 'tʉ̄ɑ̄nshù'),
(447, 'ntʉ̄ɑ̄nthʉ̄', 'de ntʉ̄ɑ̄ : mettre, poser et nthʉ̄ : le cœur, l''esprit'),
(448, 'ntʉ́ɑ́''sí', 'tʉ̀ɑ̀''sì; fréquentatif de ntʉ́ɑ́'''),
(449, 'ntʉ̄''kwɑ̀', 'cf. nsū''kwɑ̀'),
(450, 'ntūmbhì', 'tūmbhì; de ntū, et mbhì; litt., la tête de devant'),
(451, 'ntūmbhìngòfāt', 'ntūmbhì, ngòfāt'),
(452, 'ntúmbō', 'de ntū : les têtes et de mbō : les mains'),
(453, 'ntùmbū''', ''),
(454, 'ntúnkhù', 'litt., les têtes des pieds'),
(455, 'ntʉ̀ntàà', 'ntàà, ntɛ̀ɛ̀, ntʉ̀tɛ̀ɛ̀'),
(456, 'ntʉ̄''ntāā', ''),
(457, 'ntʉ̀''ntāmngù''', ''),
(458, 'ntʉ̀ntɔ̀', 'autre graphie de ntʉ̀ntɔ̀ɔ̀'),
(459, 'ntʉ̀ntɔ̀ɔ̀', 'autre graphie de ntʉ̀ntɔ̀'),
(460, 'ntʉ̄ntē''', 'plur. de tʉ̄tē'''),
(461, 'ntúntū''', ''),
(462, 'ntʉ̀''ntʉ̀''', 'itératif de ntʉ̀'''),
(463, 'ntʉ́tɑ́''', 'tʉ̀tɑ̀'''),
(464, 'ntʉ̄tə̄''', 'plur. de tʉ̄tə̄'''),
(465, 'ntʉ̀tɛ̀ɛ̀', 'ntàà, ntɛ̀ɛ̀, ntʉ̀ntàà'),
(466, 'ntʉ̄ʉ̀', 'agent du verbe ntʉ̄ʉ̄ : défricher, débroussailler'),
(467, 'ntʉ̄ʉ̄', 'tʉ̄ʉ̄'),
(468, 'ntʉ̄ʉ̄wèn', ''),
(469, 'nù', ''),
(470, 'nù''', 'verbe nnú'''),
(471, 'nū', ''),
(472, 'nʉ̀''', 'verbe nnʉ́'''),
(473, 'nùà', 'nnúá'),
(474, 'nʉ̀ɑ̀', ''),
(475, 'nʉ̄ɑ̄', 'verbe nnʉ̄ɑ̄'),
(476, 'nʉ̀ɑ̀ɑ̀', ''),
(477, 'nʉ̀ɑ̀ɑ̀sì', 'fréquentatif de nʉ̀ɑ̀ɑ̀, verbe nnʉ́ɑ́ɑ́sí'),
(478, 'nùàsì', 'verbe nnúásí fréquentatif de nùà'),
(479, 'nùfī', ''),
(480, 'nǔkɑ́', ''),
(481, 'nǔlɑ̄''', ''),
(482, 'nǔmbèè', ''),
(483, 'nùmbə̀pə̄''', 'nùpə̀pē''; cf. nù, mbə̀pə̄'''),
(484, 'nǔmbōō', 'de nù, et mbōō'),
(485, 'nǔmēnsī', ''),
(486, 'nǔncà''', ''),
(487, 'nùndǎkndàk', 'de nù : affaire, et ndǎkndàk : juste, correcte'),
(488, 'nùndéndēē', 'cf. nùndíndēē'),
(489, 'nùndíndēē', 'cf. nùndéndēē'),
(490, 'nǔnə̀ə̀', ''),
(491, 'nùnēhē', 'litt., chose vaine'),
(492, 'nǔngə̀''', 'nǔngwè''; cf. nù, ngə̀'''),
(493, 'nǔngʉ̄ɑ̄', 'de nù, et ngʉ̄ɑ̄'),
(494, 'nǔngwè''', 'nǔngə̀'''),
(495, 'nǔ''njɑ̀ɑ̀', ''),
(496, 'nùnkɑ̀ndàk', 'de nù, et nkɑ̀ndàk'),
(497, 'nūnkə̀ə̀', ''),
(498, 'nǔ''nshì', 'nom venant du verbe nnú''nshì'),
(499, 'nūnshì', 'de nū : serpent, et de nshì : eau, mer'),
(500, 'nǔ''nshù', 'litt., noyade de la bouche'),
(501, 'nǔntēē', 'de nù, et de ntēē'),
(502, 'nùntèn', 'de nù, et ntèn'),
(503, 'nùnù', ''),
(504, 'nūnú', ''),
(505, 'nʉ̀nʉ̀''', ''),
(506, 'nʉ̀nʉ̀ɑ̀', ''),
(507, 'nùnùmʉ̄nkhʉ̀ɑ̄', ''),
(508, 'nūnúwèn', ''),
(509, 'nùpə̀pē''', 'nùmbə̀pə̄''; cf. nù, pə̀pē'''),
(510, 'nùpʉ́ɑ́', 'cf. nù, pʉ́ɑ́'),
(511, 'nǔsə̀b', 'de nù, et sə̀b'),
(512, 'nǔsēn', 'de nù, et sēn'),
(513, 'nǔsīē', 'de nù, et sīē'),
(514, 'nùsìpè''', 'nùsìpə̀''; cf. nù, sìpè'''),
(515, 'nùsìpə̀''', 'nùsìpè''; cf. nù, sìpə̀'''),
(516, 'nǔzhwìè', 'cf. nù, zhwìè'),
(517, 'nzɑ̌ lê?', ''),
(518, 'nzɑ́''', 'zɑ̀'''),
(519, 'nzɑ̀''', 'plur. de zɑ̀'''),
(520, 'nzɑ̂', 'agent du verbe nzɑ̄ : manger, gagner'),
(521, 'nzɑ̄', 'zɑ̄'),
(522, 'nzáb', 'zàb, autre graphie de nzáp'),
(523, 'nzâb', 'nzâm, nzāmɑ̀, nzābɑ̀'),
(524, 'nzāb', 'zāb, autre graphie de nzāp'),
(525, 'nzābɑ̀', 'nzâm, nzâb, nzāmɑ̀'),
(526, 'nzābsī', 'zābsī, autre graphie de nzāpsī'),
(527, 'nzáh', 'zàh'),
(528, 'nzɑ́h', 'zɑ̀h'),
(529, 'nzɑ̀h', 'agent du verbe nzɑ́h : réclamer'),
(530, 'nzáhsí', 'zàhsì, fréquentatif de nzáh'),
(531, 'nzák', 'zàk'),
(532, 'nzàk', ''),
(533, 'nzâk', 'nzāk'),
(534, 'nzāk', 'nzâk'),
(535, 'nzɑ̂kǎm', ''),
(536, 'nzâkmbōmfènmbʉ́ɑ́', 'autre graphie de nzɑ̂kmbōmfènmbʉ́ɑ́'),
(537, 'nzākmbōmfènmbʉ́ɑ́', 'de nzāk : lécher, mbō : mains, mfèn : côté, mbʉ́ɑ́, pluriel de pʉ́ɑ́ : deux'),
(538, 'nzɑ̂kmbōmfènmbʉ́ɑ́', 'autre graphie de nzɑ̂ nzâkmbōmfènmbʉ́ɑ́'),
(539, 'nzākncə̀ə̀', 'cf. nzāk, ncə̀ə̀'),
(540, 'nzáknjàb', 'zǎknjàb, de nzák : virer et njàb : derrière; litt., virer derrière'),
(541, 'nzàknjàb', 'de nzàk : celui qui vire, et njàb : derrière'),
(542, 'nzáknjàm', 'zǎknjàm, de nzák : virer et njàm : derrière, virer derrière'),
(543, 'nzàknjàm', 'de nzàk : celui qui vire, et njàm : derrière; litt., celui qui vire derrière'),
(544, 'nzāknsə̀ə̀', 'de nzāk : fagot, paquet, et nsə̀ə̀ : fleur'),
(545, 'nzāknù', 'cf. nzāk, nù'),
(546, 'nzāksī', 'zāksī, fréquentatif de nzāk'),
(547, 'nzám', ''),
(548, 'nzâm', 'nzâb, nzāmɑ̀, nzābɑ̀'),
(549, 'nzām', 'zām'),
(550, 'nzāmɑ̀', 'nzâm, nzâb, nzābɑ̀'),
(551, 'nzɑ̂mbʉ̄''', ''),
(552, 'nzāmsī', 'zāmsī'),
(553, 'nzɑ̂ncà''', 'de nzɑ̂, du verbe nzɑ̄ : gagner, et de ncà'' : litige'),
(554, 'nzɑ̄ncà''', 'zɑ̄ncà'''),
(555, 'nzɑ̂ndʉ̄ɑ̄', 'cf. nzɑ̂, ndʉ̄ɑ̄'),
(556, 'nzɑ̄ndʉ̄ɑ̄', 'de nzɑ̄ : gagner, et ndʉ̄ɑ̄ : maison'),
(557, 'nzɑ̂nsɑ̄''', 'de nzɑ̂, du verbe nzɑ̄ : gagner, et de nsɑ̄'' : tontine'),
(558, 'nzɑ̂ntɑ̄''', 'de nzɑ̂, du verbe nzɑ̄ : gagner, et de ntɑ̄'' : tontine'),
(559, 'nzɑ̂ntēē', 'de nzɑ̂ : gagnant, bénéficiaire, et ntēē : le marché, le commerce'),
(560, 'nzáp', 'autre graphie de nzáb'),
(561, 'nzāp', 'zāp, autre graphie de nzāb'),
(562, 'nzɑ̂pìì', 'litt., celui qui profite'),
(563, 'nzápmbō', ''),
(564, 'nzápndà''', 'de nzáp, et ndà'''),
(565, 'nzápsí', 'zàpsì, fréquentatif de nzáp'),
(566, 'nzāpsī', 'fréquentatif de nzāp, autre graphie de nzābsī'),
(567, 'nzɑ́''sí', 'zɑ̀''sì, fréquentatif de nzɑ́'''),
(568, 'nzɑ̄sī', 'zɑ̄sī, fréquentatif de nzɑ̄ : manger'),
(569, 'nzát', 'zàt'),
(570, 'nzǎt', 'nzāt'),
(571, 'nzāt', ''),
(572, 'nzátnā', 'de nzát : lourd, peser, et nā : le corps'),
(573, 'nzàtnā', 'de nzát : peser, et nā : le corps; nom d''action du verbe nzátnā'),
(574, 'nzátnə̀ə̀', 'de nzát, nzāt : excréments, et nə̀ə̀ : animal'),
(575, 'nzátnkə̄ə̄', ''),
(576, 'nzátnshù', 'de nzát : peser, et nshù : bouche'),
(577, 'nzátsí', 'zàtsì, fréquentatif de nzát'),
(578, 'nzɑ̂wū', ''),
(579, 'nzə́h', 'nzɑ́h'),
(580, 'nzèn', ''),
(581, 'nzên', 'agent du verbe nzēn'),
(582, 'nzēn', ''),
(583, 'nzêngòò', ''),
(584, 'nzênshì', 'de nzēn : danser, et nshì : chanson, musique'),
(585, 'nzēnshì', 'de nzēn : danser, et nshì : musique, chanson'),
(586, 'nzēnsī', 'zēnsī, fréquentatif de nzēn'),
(587, 'nzènzèn', ''),
(588, 'nzhí', 'zhì'),
(589, 'nzhì', ''),
(590, 'nzhî', 'agent du verbe nzhī : connaitre, savoir');

/*!40101 SET CHARACTER_SET_CLIENT=@OLD_CHARACTER_SET_CLIENT */;
/*!40101 SET CHARACTER_SET_RESULTS=@OLD_CHARACTER_SET_RESULTS */;
/*!40101 SET COLLATION_CONNECTION=@OLD_COLLATION_CONNECTION */;
